1628841421,12,1,3276,530.67,2136,1140,273,0
1628841422,12,1,3936,407.16,2985,951,328,0
1628841423,12,1,4332,336.64,3286,1046,361,0
1628841425,12,1,2424,322.77,1834,590,202,0
1628841426,12,1,6756,316.14,5178,1578,563,0
1628841427,12,1,3096,313.09,2349,747,258,0
1628841429,12,1,3036,315.75,2393,643,253,0
1628841430,12,1,3132,316.30,2448,684,261,0
1628841431,12,1,3096,315.60,2404,692,258,0
1628841432,12,1,3096,313.89,2404,692,258,0
1628841433,12,1,3096,316.55,2357,739,258,0
1628841434,12,1,3084,316.32,2384,700,257,0
1628841435,12,1,3072,315.45,2332,740,256,0
1628841436,12,1,3084,315.00,2360,724,257,0
1628841437,12,1,3048,315.21,2314,734,254,0
1628841438,12,1,3132,314.99,2305,827,261,0
1628841439,12,1,3108,315.00,2356,752,259,0
1628841440,12,1,3084,315.51,2303,781,257,0
1628841441,12,1,3084,307.02,2289,795,257,0
1628841442,12,1,3096,265.15,2301,795,258,0
1628841443,12,1,3048,253.40,2287,761,254,0
1628841444,12,1,3144,252.93,2338,806,262,0
1628841445,12,1,3084,250.66,2264,820,257,0
1628841446,12,1,3024,250.28,2260,764,252,0
1628841447,12,1,3144,250.17,2352,792,262,0
1628841448,12,1,3096,249.50,2265,831,258,0
1628841449,12,1,3096,250.45,2325,771,258,0
1628841450,12,1,3096,249.40,2287,809,258,0
1628841451,12,1,3096,249.99,2310,786,258,0
1628841452,12,1,3096,249.78,2283,813,258,0
1628841453,12,1,3108,250.21,2321,787,259,0
1628841454,12,1,3096,254.32,2303,793,258,0
1628841455,12,1,3096,297.00,2411,685,258,0
1628841456,12,1,3084,310.76,2368,716,257,0
1628841457,12,1,3108,313.12,2386,722,259,0
1628841458,12,1,3096,314.00,2423,673,258,0
1628841459,12,1,3036,315.56,2330,706,253,0
1628841460,12,1,3144,314.68,2415,729,262,0
1628841461,12,1,3036,315.62,2349,687,253,0
1628841462,12,1,3144,314.47,2423,721,262,0
1628841463,12,1,3036,315.69,2394,642,253,0
1628841464,12,1,3132,315.30,2419,713,261,0
1628841465,12,1,3108,315.05,2357,751,259,0
1628841467,12,1,3036,315.43,1945,1091,253,0
1628841468,12,1,3060,299.02,2078,982,255,0
1628841469,12,1,3132,259.17,1940,1192,261,0
1628841470,12,1,3084,253.25,1939,1145,257,0
1628841471,12,1,3084,251.57,2013,1071,257,0
1628841472,12,1,3096,249.73,1895,1201,258,0
1628841473,12,1,3084,250.14,1985,1099,257,0
1628841474,12,1,3084,249.28,1969,1115,257,0
1628841475,12,1,3036,250.00,1974,1062,253,0
1628841476,12,1,3120,250.00,1917,1203,260,0
1628841477,12,1,3084,249.40,1939,1145,257,0
1628841478,12,1,3096,249.66,2046,1050,258,0
1628841479,12,1,3084,250.00,1934,1150,257,0
1628841480,12,1,3048,250.46,1973,1075,254,0
1628841481,12,1,3120,270.61,2043,1077,260,0
1628841482,12,1,3096,309.12,2050,1046,258,0
1628841483,12,1,3096,311.88,2330,766,258,0
1628841484,12,1,3096,313.89,2346,750,258,0
1628841485,12,1,3084,315.60,2425,659,257,0
1628841486,12,1,3072,315.05,2349,723,256,0
1628841487,12,1,3084,314.57,2338,746,257,0
1628841488,12,1,3096,314.72,2404,692,258,0
1628841489,12,1,3084,315.00,2324,760,257,0
1628841490,12,1,3084,316.19,2353,731,257,0
1628841491,12,1,3084,314.38,2361,723,257,0
1628841492,12,1,3036,315.82,2310,726,253,0
1628841493,12,1,3120,315.00,2450,670,260,0
1628841494,12,1,3072,299.61,2335,737,256,0
1628841495,12,1,3084,259.52,2356,728,257,0
1628841496,12,1,3024,252.94,2260,764,252,0
1628841497,12,1,3084,251.30,2037,1047,257,0
1628841498,12,1,3132,249.63,2070,1062,261,0
1628841499,12,1,3084,250.42,1921,1163,257,0
1628841500,12,1,3096,249.36,1969,1127,258,0
1628841501,12,1,3084,250.72,2014,1070,257,0
1628841502,12,1,3084,249.48,1932,1152,257,0
1628841503,12,1,3084,249.64,1977,1107,257,0
1628841504,12,1,3108,250.00,1989,1119,259,0
1628841505,12,1,3084,250.00,2047,1037,257,0
1628841506,12,1,3096,250.00,1901,1195,258,0
1628841508,12,1,3084,250.96,1967,1117,257,0
1628841509,12,1,3048,282.61,1978,1070,254,0
1628841510,12,1,3144,310.29,1998,1146,262,0
1628841511,12,1,3036,312.12,1999,1037,253,0
1628841512,12,1,3132,314.86,2031,1101,261,0
1628841513,12,1,3084,314.67,1903,1181,257,0
1628841514,12,1,3096,315.00,1951,1145,258,0
1628841515,12,1,3084,314.44,1979,1105,257,0
1628841516,12,1,3036,315.44,1935,1101,253,0
1628841517,12,1,3132,315.09,2146,986,261,0
1628841518,12,1,3072,315.09,2141,931,256,0
1628841519,12,1,3096,315.50,2194,902,258,0
1628841520,12,1,3072,315.68,2219,853,256,0
1628841521,12,1,3084,314.89,2171,913,257,0
1628841522,12,1,3072,312.70,2227,845,256,0
1628841523,12,1,3096,277.74,2442,654,258,0
1628841524,12,1,3096,252.79,2330,766,258,0
1628841525,12,1,3096,253.03,2340,756,258,0
1628841526,12,1,3084,250.62,2345,739,257,0
1628841527,12,1,3096,249.88,2327,769,258,0
1628841528,12,1,3108,249.44,2328,780,259,0
1628841529,12,1,3084,250.00,2395,689,257,0
1628841530,12,1,3084,250.12,2346,738,257,0
1628841531,12,1,3060,250.31,2328,732,255,0
1628841532,12,1,3084,248.81,2281,803,257,0
1628841533,12,1,3084,250.79,2379,705,257,0
1628841534,12,1,3072,249.40,2309,763,256,0
1628841535,12,1,3072,249.89,2333,739,256,0
1628841536,12,1,3084,269.52,2313,771,257,0
1628841537,12,1,3084,308.74,2323,761,257,0
1628841538,12,1,3096,311.66,2379,717,258,0
1628841539,12,1,3084,313.53,2349,735,257,0
1628841540,12,1,3096,315.03,2382,714,258,0
1628841541,12,1,3084,314.16,2345,739,257,0
1628841542,12,1,3096,315.62,2328,768,258,0
1628841543,12,1,3084,315.30,2366,718,257,0
1628841544,12,1,3096,314.86,2319,777,258,0
1628841545,12,1,3084,316.04,2342,742,257,0
1628841546,12,1,3072,314.65,2304,768,256,0
1628841547,12,1,3096,315.26,2318,778,258,0
1628841549,12,1,3096,315.52,2358,738,258,0
1628841550,12,1,3060,311.29,2294,766,255,0
1628841551,12,1,3084,273.61,2260,824,257,0
1628841552,12,1,3084,252.28,2366,718,257,0
1628841553,12,1,3084,253.60,2297,787,257,0
1628841554,12,1,3036,249.54,2303,733,253,0
1628841555,12,1,3132,249.86,2358,774,261,0
1628841556,12,1,3108,249.59,2414,694,259,0
1628841557,12,1,3084,249.97,2308,776,257,0
1628841558,12,1,3084,249.60,2279,805,257,0
1628841559,12,1,3072,250.30,2355,717,256,0
1628841560,12,1,3096,249.46,2363,733,258,0
1628841561,12,1,3084,250.37,2378,706,257,0
1628841562,12,1,3096,250.00,2346,750,258,0
1628841563,12,1,3024,251.30,2306,718,252,0
1628841564,12,1,3120,286.33,2340,780,260,0
1628841565,12,1,3084,310.04,2328,756,257,0
1628841566,12,1,3084,313.44,2343,741,257,0
1628841567,12,1,3084,314.58,2206,878,257,0
1628841568,12,1,3084,315.04,2050,1034,257,0
1628841569,12,1,3048,315.32,1922,1126,254,0
1628841570,12,1,3084,314.79,2009,1075,257,0
1628841571,12,1,3132,315.00,2080,1052,261,0
1628841572,12,1,3084,314.62,1925,1159,257,0
1628841573,12,1,3096,315.31,2015,1081,258,0
1628841574,12,1,3084,316.00,1958,1126,257,0
1628841575,12,1,3084,315.13,2005,1079,257,0
1628841576,12,1,3060,311.28,2002,1058,255,0
1628841577,12,1,3096,275.26,1971,1125,258,0
1628841578,12,1,3084,252.43,2008,1076,257,0
1628841579,12,1,3108,252.90,1995,1113,259,0
1628841580,12,1,3084,250.43,1976,1108,257,0
1628841581,12,1,3084,248.59,1957,1127,257,0
1628841582,12,1,3084,250.00,1939,1145,257,0
1628841583,12,1,3084,250.06,1894,1190,257,0
1628841584,12,1,2508,97.37,1067,1429,209,1
1628841585,0,1,0,0.00,0,0,0,0
1628841586,12,1,1524,0.00,0,1512,127,1
1628841587,0,1,0,0.00,0,0,0,0
1628841588,12,1,1656,356.30,0,1656,138,0
1628841589,12,1,3156,483.44,2179,977,263,0
1628841591,12,1,3108,426.64,2333,775,259,0
1628841592,12,1,3084,350.13,2355,729,257,0
1628841593,12,1,3096,325.40,2362,734,258,0
1628841594,12,1,3084,318.02,2399,685,257,0
1628841595,12,1,3096,315.28,2296,800,258,0
1628841596,12,1,3084,315.00,2384,700,257,0
1628841597,12,1,3084,315.65,2326,758,257,0
1628841598,12,1,3096,315.18,2311,785,258,0
1628841599,12,1,3096,315.64,2296,800,258,0
1628841600,12,1,3096,315.00,2290,806,258,0
1628841601,12,1,3084,315.00,2363,721,257,0
1628841602,12,1,3084,315.85,2314,770,257,0
1628841603,12,1,3072,314.89,2271,801,256,0
1628841604,12,1,3072,292.06,2327,745,256,0
1628841605,12,1,3048,254.75,2200,848,254,0
1628841606,12,1,3144,252.58,2345,799,262,0
1628841607,12,1,3084,249.72,2246,838,257,0
1628841608,12,1,3084,249.84,2237,847,257,0
1628841609,12,1,3072,249.46,2242,830,256,0
1628841610,12,1,3096,250.00,2292,804,258,0
1628841611,12,1,3060,249.40,2205,855,255,0
1628841612,12,1,3120,250.00,2237,883,260,0
1628841613,12,1,3096,249.16,2284,812,258,0
1628841614,12,1,3084,250.52,2219,865,257,0
1628841615,12,1,3096,249.26,2338,758,258,0
1628841616,12,1,3084,250.34,2263,821,257,0
1628841617,12,1,3096,262.88,2329,767,258,0
1628841618,12,1,3036,305.19,2280,756,253,0
1628841619,12,1,3144,311.08,2259,885,262,0
1628841620,12,1,3084,313.38,2248,836,257,0
1628841621,12,1,3096,314.98,2361,735,258,0
1628841622,12,1,3096,314.80,2330,766,258,0
1628841623,12,1,3048,314.89,2294,754,254,0
1628841624,12,1,3120,315.92,2355,765,260,0
1628841625,12,1,3096,315.17,2303,793,258,0
1628841626,12,1,3096,314.57,2320,776,258,0
1628841627,12,1,3084,315.59,2253,831,257,0
1628841628,12,1,3036,314.78,2213,823,253,0
1628841630,12,1,3132,315.86,2360,772,261,0
1628841631,12,1,3036,306.81,2264,772,253,0
1628841632,12,1,3072,265.86,2292,780,256,0
1628841633,12,1,3132,252.04,2338,794,261,0
1628841634,12,1,3096,252.99,2337,759,258,0
1628841635,12,1,3084,249.12,2332,752,257,0
1628841636,12,1,3084,250.45,2281,803,257,0
1628841637,12,1,3096,249.28,2314,782,258,0
1628841638,12,1,3072,250.13,2243,829,256,0
1628841639,12,1,3096,250.00,2268,828,258,0
1628841640,12,1,3084,249.45,2300,784,257,0
1628841641,12,1,3084,249.47,2289,795,257,0
1628841642,12,1,3084,250.68,2259,825,257,0
1628841643,12,1,3036,249.29,2202,834,253,0
1628841644,12,1,3132,257.69,2137,995,261,0
1628841645,12,1,3096,300.87,1880,1216,258,0
1628841646,12,1,3084,310.61,2017,1067,257,0
1628841647,12,1,3084,314.48,1916,1168,257,0
1628841648,12,1,3084,314.89,2056,1028,257,0
1628841649,12,1,3072,315.06,2009,1063,256,0
1628841650,12,1,3084,315.25,1857,1227,257,0
1628841651,12,1,3096,314.50,1918,1178,258,0
1628841652,12,1,3084,315.08,1856,1228,257,0
1628841653,12,1,3096,315.00,2002,1094,258,0
1628841654,12,1,3096,314.81,2034,1062,258,0
1628841655,12,1,3096,316.09,2110,986,258,0
1628841656,12,1,3084,314.97,2039,1045,257,0
1628841657,12,1,3072,314.86,1960,1112,256,0
1628841658,12,1,3072,288.54,1951,1121,256,0
1628841659,12,1,3096,253.52,1964,1132,258,0
1628841660,12,1,3096,253.04,2035,1061,258,0
1628841661,12,1,3048,250.89,1924,1124,254,0
1628841662,12,1,3096,249.82,2036,1060,258,0
1628841663,12,1,3120,250.44,1909,1211,260,0
1628841664,12,1,3072,249.53,1933,1139,256,0
1628841665,12,1,3096,249.47,1997,1099,258,0
1628841666,12,1,3084,249.86,1920,1164,257,0
1628841667,12,1,3048,249.42,1911,1137,254,0
1628841668,12,1,3132,250.57,1984,1148,261,0
1628841669,12,1,3084,248.68,1975,1109,257,0
1628841671,12,1,3084,250.26,1894,1190,257,0
1628841672,12,1,3096,278.95,1955,1141,258,0
1628841673,12,1,3084,308.87,1954,1130,257,0
1628841674,12,1,3096,311.93,1951,1145,258,0
1628841675,12,1,3084,314.60,1975,1109,257,0
1628841676,12,1,3096,315.29,1981,1115,258,0
1628841677,12,1,3096,315.16,1915,1181,258,0
1628841678,12,1,3072,314.96,1898,1174,256,0
1628841679,12,1,3084,315.18,1916,1168,257,0
1628841680,12,1,3096,315.18,1933,1163,258,0
1628841681,12,1,3048,314.88,1913,1135,254,0
1628841682,12,1,3132,315.11,1943,1189,261,0
1628841683,12,1,3084,315.51,1924,1160,257,0
1628841684,12,1,3048,315.00,1936,1112,254,0
1628841685,12,1,3132,304.83,2021,1111,261,0
1628841686,12,1,3084,263.57,1877,1207,257,0
1628841687,12,1,3096,251.67,2006,1090,258,0
1628841688,12,1,3084,252.92,1966,1118,257,0
1628841689,12,1,3084,249.40,1815,1269,257,0
1628841690,12,1,3084,250.56,1929,1155,257,0
1628841691,12,1,3084,249.77,1919,1165,257,0
1628841692,12,1,3084,249.00,1923,1161,257,0
1628841693,12,1,3084,249.77,1883,1201,257,0
1628841694,12,1,3084,250.16,1914,1170,257,0
1628841695,12,1,3096,249.40,1995,1101,258,0
1628841696,12,1,3084,250.42,1902,1182,257,0
1628841697,12,1,3084,248.60,1952,1132,257,0
1628841698,12,1,3084,256.25,1959,1125,257,0
1628841699,12,1,3096,298.33,1954,1142,258,0
1628841700,12,1,3072,311.13,1964,1108,256,0
1628841701,12,1,3096,314.24,1947,1149,258,0
1628841702,12,1,3096,315.00,1913,1183,258,0
1628841703,12,1,3084,315.00,1905,1179,257,0
1628841704,12,1,3096,315.00,1920,1176,258,0
1628841705,12,1,3084,314.53,1961,1123,257,0
1628841706,12,1,3096,315.35,1982,1114,258,0
1628841707,12,1,3096,314.83,1975,1121,258,0
1628841708,12,1,3084,315.68,1978,1106,257,0
1628841709,12,1,3096,314.85,1926,1170,258,0
1628841711,12,1,3084,315.00,1959,1125,257,0
1628841712,12,1,3096,315.33,1993,1103,258,0
1628841713,12,1,3072,291.15,1922,1150,256,0
1628841714,12,1,3072,256.03,1998,1074,256,0
1628841715,12,1,3084,252.77,1888,1196,257,0
1628841716,12,1,3084,250.44,1932,1152,257,0
1628841717,12,1,3096,250.22,1975,1121,258,0
1628841718,12,1,3096,250.19,1898,1198,258,0
1628841719,12,1,3096,249.55,1954,1142,258,0
1628841720,12,1,3084,249.79,1937,1147,257,0
1628841721,12,1,3096,249.39,2084,1012,258,0
1628841722,12,1,3084,249.72,1954,1130,257,0
1628841723,12,1,3048,249.98,1927,1121,254,0
1628841724,12,1,3144,250.11,1950,1194,262,0
1628841725,12,1,3084,249.39,1904,1180,257,0
1628841726,12,1,3072,250.25,1896,1176,256,0
1628841727,12,1,3084,273.03,1927,1157,257,0
1628841728,12,1,3108,309.25,1960,1148,259,0
1628841729,12,1,3036,312.09,1913,1123,253,0
1628841730,12,1,3120,314.80,1949,1171,260,0
1628841731,12,1,3096,314.34,1976,1120,258,0
1628841732,12,1,3096,315.74,1926,1170,258,0
1628841733,12,1,3096,315.30,1928,1168,258,0
1628841734,12,1,3096,315.32,1921,1175,258,0
1628841735,12,1,3084,315.25,1948,1136,257,0
1628841736,12,1,3096,315.03,1992,1104,258,0
1628841737,12,1,3096,314.80,1920,1176,258,0
1628841738,12,1,3096,314.96,1953,1143,258,0
1628841739,12,1,3084,315.57,1919,1165,257,0
1628841740,12,1,3084,315.00,1937,1147,257,0
1628841741,12,1,3096,314.41,1980,1116,258,0
1628841742,12,1,3096,315.16,1885,1211,258,0
1628841743,12,1,3084,306.43,1926,1158,257,0
1628841744,12,1,3096,264.81,1905,1191,258,0
1628841745,12,1,3096,251.84,1960,1136,258,0
1628841746,12,1,3084,252.46,1870,1214,257,0
1628841747,12,1,3096,250.00,1895,1201,258,0
1628841748,12,1,3084,250.00,1944,1140,257,0
1628841750,12,1,3084,250.00,1843,1241,257,0
1628841751,12,1,3108,249.55,1942,1166,259,0
1628841752,12,1,3084,249.65,1909,1175,257,0
1628841753,12,1,3096,249.90,2006,1090,258,0
1628841754,12,1,3084,249.63,2034,1050,257,0
1628841755,12,1,3096,250.16,1946,1150,258,0
1628841756,12,1,3096,249.11,1926,1170,258,0
1628841757,12,1,3096,249.54,1824,1272,258,0
1628841758,12,1,3084,249.76,1858,1226,257,0
1628841759,12,1,3096,250.41,1852,1244,258,0
1628841760,12,1,3084,252.73,1815,1269,257,0
1628841761,12,1,3072,293.74,1880,1192,256,0
1628841762,12,1,3096,310.91,1894,1202,258,0
1628841763,12,1,3096,313.07,1837,1259,258,0
1628841764,12,1,3108,315.00,1915,1193,259,0
1628841765,12,1,3096,315.06,1908,1188,258,0
1628841766,12,1,3096,314.51,1862,1234,258,0
1628841767,12,1,3084,315.48,1890,1194,257,0
1628841768,12,1,3096,315.53,1849,1247,258,0
1628841769,12,1,3024,314.87,1908,1116,252,0
1628841770,12,1,3132,315.86,1984,1148,261,0
1628841771,12,1,3096,314.71,1916,1180,258,0
1628841772,12,1,3036,315.59,1857,1179,253,0
1628841773,12,1,3144,315.16,1890,1254,262,0
1628841774,12,1,3084,314.45,1899,1185,257,0
1628841775,12,1,3108,315.24,1919,1189,259,0
1628841776,12,1,3084,315.34,1861,1223,257,0
1628841777,12,1,3096,295.22,1871,1225,258,0
1628841778,12,1,3084,257.67,1875,1209,257,0
1628841779,12,1,3096,253.16,1845,1251,258,0
1628841780,12,1,3084,251.02,1851,1233,257,0
1628841781,12,1,3096,250.22,1905,1191,258,0
1628841782,12,1,3096,250.45,1917,1179,258,0
1628841783,12,1,3096,249.48,1971,1125,258,0
1628841784,12,1,3096,249.64,1771,1325,258,0
1628841785,12,1,3072,249.25,1889,1183,256,0
1628841786,12,1,3084,250.40,1897,1187,257,0
1628841787,12,1,3084,249.48,1831,1253,257,0
1628841789,12,1,3084,249.95,1762,1322,257,0
1628841790,12,1,3108,249.80,1915,1193,259,0
1628841791,12,1,3072,250.00,1873,1199,256,0
1628841792,12,1,3096,249.78,1802,1294,258,0
1628841793,12,1,3084,249.52,1927,1157,257,0
1628841794,12,1,3060,249.64,1764,1296,255,0
1628841795,12,1,3096,269.34,1806,1290,258,0
1628841796,12,1,3096,307.93,1821,1275,258,0
1628841797,12,1,3084,312.67,1777,1307,257,0
1628841798,12,1,3084,314.60,1833,1251,257,0
1628841799,12,1,3096,314.90,1798,1298,258,0
1628841800,12,1,3084,315.19,1829,1255,257,0
1628841801,12,1,3084,315.04,1857,1227,257,0
1628841802,12,1,3084,315.67,1756,1328,257,0
1628841803,12,1,3096,315.43,1839,1257,258,0
1628841804,12,1,3072,314.54,1826,1246,256,0
1628841805,12,1,3072,314.60,1810,1262,256,0
1628841806,12,1,3096,315.62,1844,1252,258,0
1628841807,12,1,3084,315.18,1756,1328,257,0
1628841808,12,1,3084,315.22,1835,1249,257,0
1628841809,12,1,3084,315.10,1817,1267,257,0
1628841810,12,1,3072,315.05,1797,1275,256,0
1628841811,12,1,3096,315.91,1824,1272,258,0
1628841812,12,1,3072,315.20,1711,1361,256,0
1628841813,12,1,3096,315.39,1808,1288,258,0
1628841814,12,1,3084,315.07,1794,1290,257,0
1628841815,12,1,3060,310.33,1740,1320,255,0
1628841816,12,1,3084,272.86,1771,1313,257,0
1628841817,12,1,3096,251.84,1765,1331,258,0
1628841818,12,1,3060,252.44,1711,1349,255,0
1628841819,12,1,3072,250.73,1728,1344,256,0
1628841820,12,1,3120,250.00,1759,1361,260,0
1628841821,12,1,3084,249.60,1795,1289,257,0
1628841822,12,1,3084,249.68,1693,1391,257,0
1628841823,12,1,3084,249.21,1824,1260,257,0
1628841824,12,1,3096,250.63,1804,1292,258,0
1628841825,12,1,3084,249.09,1749,1335,257,0
1628841826,12,1,3072,249.75,1724,1348,256,0
1628841827,12,1,3072,250.14,1777,1295,256,0
1628841828,12,1,3084,249.60,1818,1266,257,0
1628841829,12,1,3084,249.63,1734,1350,257,0
1628841831,12,1,3072,249.39,1788,1284,256,0
1628841832,12,1,3072,249.57,1769,1303,256,0
1628841833,12,1,3084,250.00,1785,1299,257,0
1628841834,12,1,3084,249.31,1694,1390,257,0
1628841835,12,1,3084,250.23,1788,1296,257,0
1628841836,12,1,3084,249.39,1753,1331,257,0
1628841837,12,1,3072,249.87,1843,1229,256,0
1628841838,12,1,3072,252.37,1801,1271,256,0
1628841839,12,1,3096,288.70,1860,1236,258,0
1628841840,12,1,3084,310.37,1892,1192,257,0
1628841841,12,1,3132,313.54,1839,1293,261,0
1628841842,12,1,3096,314.67,1895,1201,258,0
1628841843,12,1,3096,315.00,1782,1314,258,0
1628841844,12,1,3072,315.55,1858,1214,256,0
1628841845,12,1,3060,315.00,1878,1182,255,0
1628841846,12,1,3084,314.74,1806,1278,257,0
1628841847,12,1,3084,314.72,1864,1220,257,0
1628841848,12,1,3036,315.22,1904,1132,253,0
1628841849,12,1,3156,315.53,1898,1258,263,0
1628841850,12,1,3084,315.01,1895,1189,257,0
1628841851,12,1,3084,315.27,1793,1291,257,0
1628841852,12,1,3024,315.76,1817,1207,252,0
1628841853,12,1,3132,314.45,1921,1211,261,0
1628841854,12,1,3084,315.81,1953,1131,257,0
1628841855,12,1,3096,315.25,1961,1135,258,0
1628841856,12,1,3072,315.05,1774,1298,256,0
1628841857,12,1,3096,315.00,1929,1167,258,0
1628841858,12,1,3084,315.53,1955,1129,257,0
1628841859,12,1,3060,314.57,1837,1223,255,0
1628841860,12,1,3072,297.82,1885,1187,256,0
1628841861,12,1,3072,258.03,1777,1295,256,0
1628841862,12,1,3084,253.00,1718,1366,257,0
1628841863,12,1,3132,251.34,1724,1408,261,0
1628841864,12,1,3096,249.80,1728,1368,258,0
1628841865,12,1,3084,250.27,1703,1381,257,0
1628841866,12,1,3084,249.50,1703,1381,257,0
1628841867,12,1,3096,249.48,1703,1393,258,0
1628841868,12,1,3096,250.00,1799,1297,258,0
1628841869,12,1,3072,249.56,1734,1338,256,0
1628841870,12,1,3084,250.81,1716,1368,257,0
1628841871,12,1,3072,249.54,1667,1405,256,0
1628841873,12,1,3072,249.00,1705,1367,256,0
1628841874,12,1,3084,249.36,1655,1429,257,0
1628841875,12,1,3072,250.70,1716,1356,256,0
1628841876,12,1,3084,250.31,1689,1395,257,0
1628841877,12,1,3084,249.00,1670,1414,257,0
1628841878,12,1,3072,249.58,1747,1325,256,0
1628841879,12,1,3084,250.00,1684,1400,257,0
1628841880,12,1,3072,250.00,1748,1324,256,0
1628841881,12,1,3108,250.00,1761,1347,259,0
1628841882,12,1,3084,267.01,1742,1342,257,0
1628841883,12,1,3084,308.46,1764,1320,257,0
1628841884,12,1,3096,311.40,1719,1377,258,0
1628841885,12,1,3084,314.19,1770,1314,257,0
1628841886,12,1,3084,315.04,1802,1282,257,0
1628841887,12,1,3096,315.41,1799,1297,258,0
1628841888,12,1,3072,314.54,1878,1194,256,0
1628841889,12,1,3060,315.62,1927,1133,255,0
1628841890,12,1,3084,313.79,2002,1082,257,0
1628841891,12,1,3096,315.88,2013,1083,258,0
1628841892,12,1,3072,315.01,1907,1165,256,0
1628841893,12,1,3084,315.10,1958,1126,257,0
1628841894,12,1,3084,315.35,1886,1198,257,0
1628841895,12,1,3036,315.29,1912,1124,253,0
1628841896,12,1,3132,315.20,1961,1171,261,0
1628841897,12,1,3084,315.73,1835,1249,257,0
1628841898,12,1,3084,314.84,1840,1244,257,0
1628841899,12,1,3084,315.89,2077,1007,257,0
1628841900,12,1,3072,314.74,1877,1195,256,0
1628841901,12,1,3096,315.33,1824,1272,258,0
1628841902,12,1,3084,315.24,1751,1333,257,0
1628841903,12,1,3072,314.74,1826,1246,256,0
1628841904,12,1,3084,305.91,1793,1291,257,0
1628841905,12,1,3084,264.03,1827,1257,257,0
1628841906,12,1,3084,252.39,1724,1360,257,0
1628841907,12,1,3084,252.32,1860,1224,257,0
1628841908,12,1,3072,250.05,1763,1309,256,0
1628841909,12,1,3096,250.08,1720,1376,258,0
1628841910,12,1,3084,250.04,1759,1325,257,0
1628841911,12,1,3084,249.21,1723,1361,257,0
1628841912,12,1,3084,250.65,1791,1293,257,0
1628841913,12,1,3084,249.36,1684,1400,257,0
1628841915,12,1,3096,249.48,1810,1286,258,0
1628841916,12,1,3060,249.96,1759,1301,255,0
1628841917,12,1,3096,250.21,1798,1298,258,0
1628841918,12,1,3084,249.39,1694,1390,257,0
1628841919,12,1,3084,250.00,1785,1299,257,0
1628841920,12,1,3072,249.55,1749,1323,256,0
1628841921,12,1,3084,249.92,1739,1345,257,0
1628841922,12,1,3084,248.94,1746,1338,257,0
1628841923,12,1,3072,250.77,1722,1350,256,0
1628841924,12,1,3084,249.19,1848,1236,257,0
1628841925,12,1,3096,249.68,1738,1358,258,0
1628841926,12,1,3084,249.24,1814,1270,257,0
1628841927,12,1,3072,256.53,1803,1269,256,0
1628841928,12,1,3096,299.49,1732,1364,258,0
1628841929,12,1,3084,310.70,1725,1359,257,0
1628841930,12,1,3072,313.50,1683,1389,256,0
1628841931,12,1,3096,314.10,1700,1396,258,0
1628841932,12,1,3072,315.12,1709,1363,256,0
1628841933,12,1,3096,315.00,1646,1450,258,0
1628841934,12,1,3096,314.72,1734,1362,258,0
1628841935,12,1,3084,315.03,1694,1390,257,0
1628841936,12,1,3072,314.07,1650,1422,256,0
1628841937,12,1,3096,315.88,1706,1390,258,0
1628841938,12,1,3060,315.62,1649,1411,255,0
1628841939,12,1,3072,315.36,1711,1361,256,0
1628841940,12,1,3096,315.59,1694,1402,258,0
1628841941,12,1,3084,315.54,1653,1431,257,0
1628841942,12,1,3036,315.34,1670,1366,253,0
1628841943,12,1,3132,314.51,1708,1424,261,0
1628841944,12,1,3084,315.95,1711,1373,257,0
1628841945,12,1,3096,315.22,1803,1293,258,0
1628841946,12,1,3072,315.42,1699,1373,256,0
1628841947,12,1,3084,314.69,1766,1318,257,0
1628841948,12,1,3060,315.43,1936,1124,255,0
1628841949,12,1,3072,315.54,1921,1151,256,0
1628841950,12,1,3084,289.32,1819,1265,257,0
1628841951,12,1,3084,255.12,1788,1296,257,0
1628841952,12,1,3084,252.89,1944,1140,257,0
1628841953,12,1,3096,250.90,1931,1165,258,0
1628841954,12,1,3072,249.25,1922,1150,256,0
1628841955,12,1,3084,250.20,1931,1153,257,0
1628841956,12,1,3084,249.41,1826,1258,257,0
1628841958,12,1,3096,250.55,2057,1039,258,0
1628841959,12,1,3072,249.75,2177,895,256,0
1628841960,12,1,3084,249.53,2206,878,257,0
1628841961,12,1,3060,250.00,2144,916,255,0
1628841962,12,1,3084,249.67,2209,875,257,0
1628841963,12,1,3072,248.79,2168,904,256,0
1628841964,12,1,3084,249.99,2215,869,257,0
1628841965,12,1,3096,249.33,2144,952,258,0
1628841966,12,1,3072,250.12,2213,859,256,0
1628841967,12,1,3084,250.04,2159,925,257,0
1628841968,12,1,3084,249.81,2143,941,257,0
1628841969,12,1,3060,249.43,2151,909,255,0
1628841970,12,1,3084,250.15,2242,842,257,0
1628841971,12,1,3108,250.00,2173,935,259,0
1628841972,12,1,3084,250.00,2101,983,257,0
1628841973,12,1,3072,251.13,2123,949,256,0
1628841974,12,1,3084,290.02,2167,917,257,0
1628841975,12,1,3060,309.39,2093,967,255,0
1628841976,12,1,3096,313.01,2158,938,258,0
1628841977,12,1,3072,314.99,2237,835,256,0
1628841978,12,1,3084,314.93,2212,872,257,0
1628841979,12,1,3072,315.39,2229,843,256,0
1628841980,12,1,3072,314.94,2246,826,256,0
1628841981,12,1,3084,314.27,2219,865,257,0
1628841982,12,1,3084,315.79,2256,828,257,0
1628841983,12,1,3084,314.82,2279,805,257,0
1628841984,12,1,3084,315.68,2324,760,257,0
1628841985,12,1,3072,315.24,2264,808,256,0
1628841986,12,1,3096,315.40,2227,869,258,0
1628841987,12,1,3084,315.00,2257,827,257,0
1628841988,12,1,3072,315.57,2255,817,256,0
1628841989,12,1,3084,314.47,2261,823,257,0
1628841990,12,1,3084,315.58,2269,815,257,0
1628841991,12,1,3096,314.76,2220,876,258,0
1628841992,12,1,3084,315.43,2255,829,257,0
1628841993,12,1,3060,315.78,2198,862,255,0
1628841994,12,1,3072,315.04,2169,903,256,0
1628841995,12,1,3072,311.69,2163,909,256,0
1628841996,12,1,3084,272.25,2140,944,257,0
1628841997,12,1,3084,252.84,2078,1006,257,0
1628841998,12,1,3084,252.57,2183,901,257,0
1628841999,12,1,3096,249.67,2143,953,258,0
1628842000,12,1,3084,249.91,2114,970,257,0
1628842001,12,1,3084,250.73,2140,944,257,0
1628842003,12,1,3084,249.55,2184,900,257,0
1628842004,12,1,3072,250.00,2104,968,256,0
1628842005,12,1,3084,249.07,2085,999,257,0
1628842006,12,1,3072,249.67,2125,947,256,0
1628842007,12,1,3084,249.96,2116,968,257,0
1628842008,12,1,3084,249.21,2135,949,257,0
1628842009,12,1,3072,250.00,2102,970,256,0
1628842010,12,1,3072,249.91,2184,888,256,0
1628842011,12,1,3084,249.22,2174,910,257,0
1628842012,12,1,3072,250.55,2181,891,256,0
1628842013,12,1,3060,249.52,2114,946,255,0
1628842014,12,1,3072,258.30,2194,878,256,0
1628842015,12,1,3084,302.33,2194,890,257,0
1628842016,12,1,3084,310.57,2231,853,257,0
1628842017,12,1,3096,314.55,2214,882,258,0
1628842018,12,1,3072,314.85,2183,889,256,0
1628842019,12,1,3084,314.91,2212,872,257,0
1628842020,12,1,3096,314.76,2236,860,258,0
1628842021,12,1,3096,315.40,2281,815,258,0
1628842022,12,1,3096,315.71,2197,899,258,0
1628842023,12,1,3096,314.84,2147,949,258,0
1628842024,12,1,3036,315.04,2138,898,253,0
1628842025,12,1,3132,315.88,2206,926,261,0
1628842026,12,1,3084,315.00,2353,731,257,0
1628842027,12,1,3084,315.00,2298,786,257,0
1628842028,12,1,3084,315.56,2224,860,257,0
1628842029,12,1,3084,314.48,2273,811,257,0
1628842030,12,1,3096,315.87,2240,856,258,0
1628842031,12,1,3108,315.00,2296,812,259,0
1628842032,12,1,3072,315.33,2240,832,256,0
1628842033,12,1,3060,313.08,2177,883,255,0
1628842034,12,1,3072,279.21,2299,773,256,0
1628842035,12,1,3072,252.61,2212,860,256,0
1628842036,12,1,3084,252.29,1895,1189,257,0
1628842037,12,1,3096,250.85,1845,1251,258,0
1628842038,12,1,3084,249.35,1717,1367,257,0
1628842039,12,1,3096,250.47,1842,1254,258,0
1628842040,12,1,3072,250.00,1784,1288,256,0
1628842041,12,1,3096,250.29,1837,1259,258,0
1628842042,12,1,3084,249.99,1818,1266,257,0
1628842043,12,1,3084,249.00,1836,1248,257,0
1628842045,12,1,3084,249.69,1899,1185,257,0
1628842046,12,1,3084,250.00,1874,1210,257,0
1628842047,12,1,3084,250.00,1896,1188,257,0
1628842048,12,1,3096,249.71,1883,1213,258,0
1628842049,12,1,3072,249.04,1912,1160,256,0
1628842050,12,1,3084,250.49,1810,1274,257,0
1628842051,12,1,3072,252.34,1905,1167,256,0
1628842052,12,1,3084,292.43,1950,1134,257,0
1628842053,12,1,3096,310.67,1894,1202,258,0
1628842054,12,1,3048,314.14,1861,1187,254,0
1628842055,12,1,3120,315.49,1947,1173,260,0
1628842056,12,1,3060,314.59,1908,1152,255,0
1628842057,12,1,3072,315.61,1921,1151,256,0
1628842058,12,1,3084,314.47,1903,1181,257,0
1628842059,12,1,3060,315.27,1914,1146,255,0
1628842060,12,1,3084,315.83,1919,1165,257,0
1628842061,12,1,3084,314.40,1888,1196,257,0
1628842062,12,1,3072,314.84,1897,1175,256,0
1628842063,12,1,3084,315.33,1925,1159,257,0
1628842064,12,1,3096,315.42,1905,1191,258,0
1628842065,12,1,3072,315.46,1885,1187,256,0
1628842066,12,1,3096,314.86,1879,1217,258,0
1628842067,12,1,3084,314.68,1885,1199,257,0
1628842068,12,1,3072,310.12,1871,1201,256,0
1628842069,12,1,3084,269.09,1871,1213,257,0
1628842070,12,1,3084,252.86,1880,1204,257,0
1628842071,12,1,3084,252.15,1883,1201,257,0
1628842072,12,1,3096,249.94,1860,1236,258,0
1628842073,12,1,3072,249.72,1767,1305,256,0
1628842074,12,1,3096,250.54,1879,1217,258,0
1628842075,12,1,3096,249.00,1813,1283,258,0
1628842076,12,1,3084,250.41,1845,1239,257,0
1628842077,12,1,3084,249.49,1845,1239,257,0
1628842078,12,1,3072,250.75,1826,1246,256,0
1628842079,12,1,3084,249.63,1848,1236,257,0
1628842080,12,1,3084,249.56,1795,1289,257,0
1628842081,12,1,3036,249.54,1859,1177,253,0
1628842082,12,1,3120,249.60,1852,1268,260,0
1628842083,12,1,3084,250.00,1869,1215,257,0
1628842084,12,1,3072,249.79,1763,1309,256,0
1628842085,12,1,3084,248.70,1919,1165,257,0
1628842086,12,1,3072,251.29,1868,1204,256,0
1628842087,12,1,3084,279.28,2038,1046,257,0
1628842089,12,1,3084,309.86,2234,850,257,0
1628842090,12,1,3072,312.30,2218,854,256,0
1628842091,12,1,3096,314.45,2274,822,258,0
1628842092,12,1,3084,315.57,2231,853,257,0
1628842093,12,1,3084,314.88,2206,878,257,0
1628842094,12,1,3072,314.98,2260,812,256,0
1628842095,12,1,3036,315.42,2202,834,253,0
1628842096,12,1,3132,314.61,2208,924,261,0
1628842097,12,1,3084,316.29,2236,848,257,0
1628842098,12,1,3084,314.40,2222,862,257,0
1628842099,12,1,3084,314.86,2269,815,257,0
1628842100,12,1,3072,315.57,2304,768,256,0
1628842101,12,1,3072,315.00,2237,835,256,0
1628842102,12,1,3096,314.98,2215,881,258,0
1628842103,12,1,3096,315.54,2194,902,258,0
1628842104,12,1,3072,315.05,2183,889,256,0
1628842105,12,1,3060,315.65,2129,931,255,0
1628842106,12,1,3084,315.00,2178,906,257,0
1628842107,12,1,3060,310.12,2141,919,255,0
1628842108,12,1,3072,270.95,2164,908,256,0
1628842109,12,1,3084,252.80,2150,934,257,0
1628842110,12,1,3084,252.17,2122,962,257,0
1628842111,12,1,3036,248.77,2169,867,253,0
1628842112,12,1,3132,250.45,2190,942,261,0
1628842113,12,1,3060,249.96,2092,968,255,0
1628842114,12,1,3072,250.37,2154,918,256,0
1628842115,12,1,3072,249.75,2169,903,256,0
1628842116,12,1,3024,250.34,2091,933,252,0
1628842117,12,1,3132,249.66,2147,985,261,0
1628842118,12,1,3084,249.60,2168,916,257,0
1628842119,12,1,3072,250.00,2184,888,256,0
1628842120,12,1,3084,250.00,2174,910,257,0
1628842121,12,1,3072,249.23,2118,954,256,0
1628842122,12,1,3072,250.20,2170,902,256,0
1628842123,12,1,3072,249.30,2186,886,256,0
1628842124,12,1,3096,249.00,2226,870,258,0
1628842125,12,1,3072,250.13,2177,895,256,0
1628842126,12,1,3096,277.35,2246,850,258,0
1628842127,12,1,3072,309.58,2137,935,256,0
1628842128,12,1,3072,311.82,2165,907,256,0
1628842129,12,1,3096,315.56,2227,869,258,0
1628842130,12,1,3084,314.44,2137,947,257,0
1628842131,12,1,3048,315.70,1975,1073,254,0
1628842133,12,1,3132,314.48,1891,1241,261,0
1628842134,12,1,3048,315.08,1927,1121,254,0
1628842135,12,1,3108,314.77,2000,1108,259,0
1628842136,12,1,3084,315.00,1921,1163,257,0
1628842137,12,1,3084,315.47,1963,1121,257,0
1628842138,12,1,3084,315.28,2016,1068,257,0
1628842139,12,1,3084,315.56,1988,1096,257,0
1628842140,12,1,3072,316.10,1982,1090,256,0
1628842141,12,1,3084,314.41,1907,1177,257,0
1628842142,12,1,3084,315.42,1971,1113,257,0
1628842143,12,1,3060,315.00,2027,1033,255,0
1628842144,12,1,3096,315.14,1933,1163,258,0
1628842145,12,1,3060,308.03,1955,1105,255,0
1628842146,12,1,3072,267.43,1910,1162,256,0
1628842147,12,1,3096,252.34,1943,1153,258,0
1628842148,12,1,3072,252.72,1877,1195,256,0
1628842149,12,1,3084,250.29,1960,1124,257,0
1628842150,12,1,3072,250.00,2337,735,256,0
1628842151,12,1,3084,250.39,2351,733,257,0
1628842152,12,1,3096,249.28,2235,861,258,0
1628842153,12,1,3072,250.05,2117,955,256,0
1628842154,12,1,3072,249.52,2203,869,256,0
1628842155,12,1,3096,249.06,2202,894,258,0
1628842156,12,1,3084,249.37,2238,846,257,0
1628842157,12,1,3084,250.48,2149,935,257,0
1628842158,12,1,3072,249.33,2182,890,256,0
1628842159,12,1,3096,249.92,2171,925,258,0
1628842160,12,1,3072,249.00,2122,950,256,0
1628842161,12,1,3084,250.19,2143,941,257,0
1628842162,12,1,3096,249.74,2036,1060,258,0
1628842163,12,1,3072,249.57,1869,1203,256,0
1628842164,12,1,3096,250.00,1858,1238,258,0
1628842165,12,1,3084,253.16,1859,1225,257,0
1628842166,12,1,3096,294.07,1924,1172,258,0
1628842167,12,1,3072,310.99,1857,1215,256,0
1628842168,12,1,3084,313.59,1867,1217,257,0
1628842169,12,1,3084,314.46,1897,1187,257,0
1628842170,12,1,3060,315.00,1932,1128,255,0
1628842171,12,1,3084,315.44,1872,1212,257,0
1628842172,12,1,3072,315.49,1902,1170,256,0
1628842173,12,1,3084,315.02,1942,1142,257,0
1628842174,12,1,3072,315.05,1898,1174,256,0
1628842175,12,1,3084,314.52,1894,1190,257,0
1628842177,12,1,3084,315.59,1862,1222,257,0
1628842178,12,1,3084,315.28,1914,1170,257,0
1628842179,12,1,3072,315.68,1937,1135,256,0
1628842180,12,1,3072,315.09,1862,1210,256,0
1628842181,12,1,3096,315.00,1888,1208,258,0
1628842182,12,1,3072,314.93,1893,1179,256,0
1628842183,12,1,3084,315.06,1984,1100,257,0
1628842184,12,1,3072,314.69,2211,861,256,0
1628842185,12,1,3096,314.23,2346,750,258,0
1628842186,12,1,3072,279.32,2324,748,256,0
1628842187,12,1,3084,253.31,2364,720,257,0
1628842188,12,1,3096,252.66,2367,729,258,0
1628842189,12,1,3084,250.51,2367,717,257,0
1628842190,12,1,3096,250.00,2303,793,258,0
1628842191,12,1,3084,249.58,2360,724,257,0
1628842192,12,1,3096,249.92,2341,755,258,0
1628842193,12,1,3084,250.42,2309,775,257,0
1628842194,12,1,3072,249.21,2385,687,256,0
1628842195,12,1,3084,249.26,2308,776,257,0
1628842196,12,1,3096,249.13,2298,798,258,0
1628842197,12,1,3084,250.69,2186,898,257,0
1628842198,12,1,3096,249.50,2224,872,258,0
1628842199,12,1,3072,250.00,2175,897,256,0
1628842200,12,1,3084,249.64,2197,887,257,0
1628842201,12,1,3060,255.27,2160,900,255,0
1628842202,12,1,3084,296.76,2208,876,257,0
1628842203,12,1,3084,311.35,2163,921,257,0
1628842204,12,1,3072,313.42,2229,843,256,0
1628842205,12,1,3084,314.90,2209,875,257,0
1628842206,12,1,3084,315.83,2199,885,257,0
1628842207,12,1,3060,315.00,2236,824,255,0
1628842208,12,1,3084,314.44,2232,852,257,0
1628842209,12,1,3084,314.79,2251,833,257,0
1628842210,12,1,3096,315.44,2278,818,258,0
1628842211,12,1,3084,315.19,2218,866,257,0
1628842212,12,1,3084,314.54,2278,806,257,0
1628842213,12,1,3084,315.05,2255,829,257,0
1628842214,12,1,3084,315.68,2227,857,257,0
1628842215,12,1,3072,314.67,2269,803,256,0
1628842216,12,1,3096,315.51,2265,831,258,0
1628842217,12,1,3072,312.27,2255,817,256,0
1628842218,12,1,3072,275.90,2213,859,256,0
1628842220,12,1,3096,253.87,2202,894,258,0
1628842221,12,1,3084,252.11,2232,852,257,0
1628842222,12,1,3084,250.07,2222,862,257,0
1628842223,12,1,3072,249.31,2180,892,256,0
1628842224,12,1,3084,250.79,2184,900,257,0
1628842225,12,1,3096,249.90,2239,857,258,0
1628842226,12,1,3084,249.44,2209,875,257,0
1628842227,12,1,3072,249.06,2237,835,256,0
1628842228,12,1,3072,249.98,2193,879,256,0
1628842229,12,1,3084,250.00,2218,866,257,0
1628842230,12,1,3072,250.13,2187,885,256,0
1628842231,12,1,3084,249.00,2140,944,257,0
1628842232,12,1,3084,250.22,2162,922,257,0
1628842233,12,1,3084,249.00,2266,818,257,0
1628842234,12,1,3084,250.39,2252,832,257,0
1628842235,12,1,3096,251.35,2244,852,258,0
1628842236,12,1,3060,289.32,2272,788,255,0
1628842237,12,1,3096,310.59,2274,822,258,0
1628842238,12,1,3084,313.28,2225,859,257,0
1628842239,12,1,3084,315.48,2267,817,257,0
1628842240,12,1,3060,314.34,2260,800,255,0
1628842241,12,1,3156,315.57,2373,783,263,0
1628842242,12,1,3096,315.00,2338,758,258,0
1628842243,12,1,3084,314.21,2291,793,257,0
1628842244,12,1,3084,315.87,2324,760,257,0
1628842245,12,1,3108,315.85,2314,794,259,0
1628842246,12,1,3060,314.44,2329,731,255,0
1628842247,12,1,3084,315.78,2332,752,257,0
1628842248,12,1,3084,314.70,2316,768,257,0
1628842249,12,1,3084,315.57,2355,729,257,0
1628842250,12,1,3072,314.91,2295,777,256,0
1628842251,12,1,3072,315.00,2319,753,256,0
1628842252,12,1,3084,315.00,2366,718,257,0
1628842253,12,1,3048,315.46,2280,768,254,0
1628842254,12,1,3132,307.37,2371,761,261,0
1628842255,12,1,3084,266.50,2244,840,257,0
1628842256,12,1,3072,252.21,2196,876,256,0
1628842257,12,1,3084,252.60,2210,874,257,0
1628842258,12,1,3084,250.23,2275,809,257,0
1628842259,12,1,3096,250.46,2261,835,258,0
1628842260,12,1,3084,250.43,2250,834,257,0
1628842262,12,1,3084,249.14,2206,878,257,0
1628842263,12,1,3072,250.00,2276,796,256,0
1628842264,12,1,3084,250.00,2285,799,257,0
1628842265,12,1,3084,249.29,2241,843,257,0
1628842266,12,1,3012,250.37,2219,793,251,0
1628842267,12,1,3096,249.73,2292,804,258,0
1628842268,12,1,3120,249.45,2249,871,260,0
1628842269,12,1,3084,249.76,2239,845,257,0
1628842270,12,1,3072,249.44,2236,836,256,0
1628842271,12,1,3072,249.66,2240,832,256,0
1628842272,12,1,3084,250.50,2217,867,257,0
1628842273,12,1,3072,281.37,2229,843,256,0
1628842274,12,1,3072,310.83,2300,772,256,0
1628842275,12,1,3096,312.70,2291,805,258,0
1628842276,12,1,3096,315.33,2266,830,258,0
1628842277,12,1,3072,314.84,2336,736,256,0
1628842278,12,1,3072,314.69,2337,735,256,0
1628842279,12,1,3060,315.01,2302,758,255,0
1628842280,12,1,3072,315.48,2314,758,256,0
1628842281,12,1,3096,315.11,2352,744,258,0
1628842282,12,1,3084,315.52,2415,669,257,0
1628842283,12,1,3084,315.12,2412,672,257,0
1628842284,12,1,3072,315.20,2363,709,256,0
1628842285,12,1,3096,315.67,2434,662,258,0
1628842286,12,1,3084,314.56,2353,731,257,0
1628842287,12,1,3048,315.55,2292,756,254,0
1628842288,12,1,3120,314.63,2388,732,260,0
1628842289,12,1,3084,315.54,2323,761,257,0
1628842290,12,1,3072,314.16,2327,745,256,0
1628842291,12,1,3036,285.86,2241,795,253,0
1628842292,12,1,3132,254.21,2331,801,261,0
1628842293,12,1,3072,252.79,2320,752,256,0
1628842294,12,1,3096,250.84,2209,887,258,0
1628842295,12,1,3084,250.00,2178,906,257,0
1628842296,12,1,3060,250.27,2177,883,255,0
1628842297,12,1,3072,249.40,2245,827,256,0
1628842298,12,1,3072,249.27,2277,795,256,0
1628842299,12,1,3084,249.73,2237,847,257,0
1628842300,12,1,3084,249.80,2294,790,257,0
1628842301,12,1,3084,249.36,2242,842,257,0
1628842302,12,1,3084,250.75,2294,790,257,0
1628842303,12,1,3084,248.93,2264,820,257,0
1628842304,12,1,3084,250.45,2121,963,257,0
1628842305,12,1,3096,249.41,2184,912,258,0
1628842307,12,1,3036,249.98,2123,913,253,0
1628842308,12,1,3132,249.12,2280,852,261,0
1628842309,12,1,3084,255.28,2257,827,257,0
1628842310,12,1,3084,297.53,2267,817,257,0
1628842311,12,1,3096,310.95,2425,671,258,0
1628842312,12,1,3084,314.50,2369,715,257,0
1628842313,12,1,3072,314.44,2244,828,256,0
1628842314,12,1,3084,315.23,2301,783,257,0
1628842315,12,1,3072,315.00,2242,830,256,0
1628842316,12,1,3096,314.17,2312,784,258,0
1628842317,12,1,3084,315.69,2263,821,257,0
1628842318,12,1,3096,315.10,2280,816,258,0
1628842319,12,1,3108,315.49,2355,753,259,0
1628842320,12,1,3084,314.72,2323,761,257,0
1628842321,12,1,3084,314.74,2307,777,257,0
1628842322,12,1,3096,315.65,2243,853,258,0
1628842323,12,1,3084,315.40,2244,840,257,0
1628842324,12,1,3072,315.32,2025,1047,256,0
1628842325,12,1,3084,315.86,1883,1201,257,0
1628842326,12,1,3072,313.33,1936,1136,256,0
1628842327,12,1,3072,279.41,1947,1125,256,0
1628842328,12,1,3096,253.19,1849,1247,258,0
1628842329,12,1,3084,253.09,1940,1144,257,0
1628842330,12,1,3072,249.55,1766,1306,256,0
1628842331,12,1,3084,250.43,1885,1199,257,0
1628842332,12,1,3084,249.16,1960,1124,257,0
1628842333,12,1,3060,250.60,2060,1000,255,0
1628842334,12,1,3096,249.22,2025,1071,258,0
1628842335,12,1,3060,250.08,1962,1098,255,0
1628842336,12,1,3084,250.00,1979,1105,257,0
1628842337,12,1,3060,249.69,1961,1099,255,0
1628842338,12,1,3060,249.11,1873,1187,255,0
1628842339,12,1,3096,250.59,1995,1101,258,0
1628842340,12,1,3072,249.39,1905,1167,256,0
1628842341,12,1,3084,250.22,1854,1230,257,0
1628842342,12,1,3084,249.79,1825,1259,257,0
1628842343,12,1,3108,249.08,1844,1264,259,0
1628842344,12,1,3084,250.00,1883,1201,257,0
1628842345,12,1,3060,250.29,1765,1295,255,0
1628842346,12,1,3084,284.00,1890,1194,257,0
1628842347,12,1,3084,310.36,1884,1200,257,0
1628842348,12,1,3084,312.78,1863,1221,257,0
1628842350,12,1,3084,314.56,1968,1116,257,0
1628842351,12,1,3072,314.65,2050,1022,256,0
1628842352,12,1,3084,315.33,1906,1178,257,0
1628842353,12,1,3096,314.60,1954,1142,258,0
1628842354,12,1,3072,315.91,1880,1192,256,0
1628842355,12,1,3072,315.02,1834,1238,256,0
1628842356,12,1,3072,314.49,1836,1236,256,0
1628842357,12,1,3048,315.31,1789,1259,254,0
1628842358,12,1,3132,315.45,1857,1275,261,0
1628842359,12,1,3060,314.78,1865,1195,255,0
1628842360,12,1,3072,315.65,1785,1287,256,0
1628842361,12,1,3096,315.38,1851,1245,258,0
1628842362,12,1,3096,313.81,1861,1235,258,0
1628842363,12,1,3084,316.13,1909,1175,257,0
1628842364,12,1,3084,315.26,1896,1188,257,0
1628842365,12,1,3060,314.51,1874,1186,255,0
1628842366,12,1,3084,282.85,1909,1175,257,0
1628842367,12,1,3072,254.54,1902,1170,256,0
1628842368,12,1,3072,252.91,1790,1282,256,0
1628842369,12,1,3072,250.25,1919,1153,256,0
1628842370,12,1,3072,249.84,1883,1189,256,0
1628842371,12,1,3108,250.17,1880,1228,259,0
1628842372,12,1,3024,249.68,1798,1226,252,0
1628842373,12,1,3156,250.00,1964,1192,263,0
1628842374,12,1,3084,249.68,1983,1101,257,0
1628842375,12,1,3072,250.50,1848,1224,256,0
1628842376,12,1,3072,249.77,1922,1150,256,0
1628842377,12,1,3084,249.56,1948,1136,257,0
1628842378,12,1,3072,249.06,1953,1119,256,0
1628842379,12,1,3096,250.00,1851,1245,258,0
1628842380,12,1,3084,249.10,1985,1099,257,0
1628842381,12,1,3096,250.59,1905,1191,258,0
1628842382,12,1,3084,249.25,1987,1097,257,0
1628842383,12,1,3072,250.23,1952,1120,256,0
1628842384,12,1,3084,249.28,2006,1078,257,0
1628842385,12,1,3084,250.02,2004,1080,257,0
1628842386,12,1,3084,250.56,1854,1230,257,0
1628842387,12,1,3072,289.35,1905,1167,256,0
1628842388,12,1,3084,310.69,1887,1197,257,0
1628842389,12,1,3084,312.92,1884,1200,257,0
1628842390,12,1,3072,315.39,2031,1041,256,0
1628842391,12,1,3060,314.41,2015,1045,255,0
1628842392,12,1,3096,315.73,1953,1143,258,0
1628842394,12,1,3084,315.12,1963,1121,257,0
1628842395,12,1,3084,315.16,1974,1110,257,0
1628842396,12,1,3072,315.00,1913,1159,256,0
1628842397,12,1,3072,314.70,1974,1098,256,0
1628842398,12,1,3084,315.24,1860,1224,257,0
1628842399,12,1,3072,315.33,1915,1157,256,0
1628842400,12,1,3072,315.16,2010,1062,256,0
1628842401,12,1,3096,315.31,2002,1094,258,0
1628842402,12,1,3060,314.98,2036,1024,255,0
1628842403,12,1,3096,315.00,2072,1024,258,0
1628842404,12,1,3072,315.00,2022,1050,256,0
1628842405,12,1,3084,315.41,2094,990,257,0
1628842406,12,1,3084,315.80,2043,1041,257,0
1628842407,12,1,3084,315.00,2073,1011,257,0
1628842408,12,1,3084,315.00,2146,938,257,0
1628842409,12,1,3084,300.56,2091,993,257,0
1628842410,12,1,3084,259.12,2117,967,257,0
1628842411,12,1,3084,253.53,2131,953,257,0
1628842412,12,1,3084,251.33,2063,1021,257,0
1628842413,12,1,3096,250.00,2088,1008,258,0
1628842414,12,1,3036,250.00,1972,1064,253,0
1628842415,12,1,3144,249.68,2032,1112,262,0
1628842416,12,1,3084,249.37,2003,1081,257,0
1628842417,12,1,3072,250.42,1958,1114,256,0
1628842418,12,1,3096,249.54,2002,1094,258,0
1628842419,12,1,3084,250.00,1987,1097,257,0
1628842420,12,1,3096,250.00,2123,973,258,0
1628842421,12,1,3072,249.90,2011,1061,256,0
1628842422,12,1,3060,249.40,2117,943,255,0
1628842423,12,1,3060,250.00,1927,1133,255,0
1628842424,12,1,3084,249.44,1929,1155,257,0
1628842425,12,1,3024,250.00,1800,1224,252,0
1628842426,12,1,3132,249.61,1997,1135,261,0
1628842427,12,1,3084,249.31,2011,1073,257,0
1628842428,12,1,3060,249.96,1972,1088,255,0
1628842429,12,1,3072,275.88,1972,1100,256,0
1628842430,12,1,3060,309.16,1979,1081,255,0
1628842431,12,1,3072,311.89,1991,1081,256,0
1628842432,12,1,3084,314.90,1954,1130,257,0
1628842433,12,1,3096,315.00,1988,1108,258,0
1628842434,12,1,3024,314.22,1966,1058,252,0
1628842435,12,1,3132,315.67,1980,1152,261,0
1628842436,12,1,3084,315.15,1977,1107,257,0
1628842438,12,1,3084,315.07,1991,1093,257,0
1628842439,12,1,3084,315.29,1966,1118,257,0
1628842440,12,1,3072,315.69,1951,1121,256,0
1628842441,12,1,3084,314.79,1928,1156,257,0
1628842442,12,1,3084,315.00,2077,1007,257,0
1628842443,12,1,3084,314.30,2124,960,257,0
1628842444,12,1,3084,315.26,2020,1064,257,0
1628842445,12,1,3084,315.60,2038,1046,257,0
1628842446,12,1,3084,315.48,2009,1075,257,0
1628842447,12,1,3132,315.46,2053,1079,261,0
1628842448,12,1,3072,313.33,2069,1003,256,0
1628842449,12,1,3072,278.78,1979,1093,256,0
1628842450,12,1,3096,252.69,2028,1068,258,0
1628842451,12,1,3084,253.11,2039,1045,257,0
1628842452,12,1,3060,250.14,1936,1124,255,0
1628842453,12,1,3084,250.03,2038,1046,257,0
1628842454,12,1,3084,249.41,2003,1081,257,0
1628842455,12,1,3084,250.68,2083,1001,257,0
1628842456,12,1,3084,249.18,1965,1119,257,0
1628842457,12,1,3084,250.11,1994,1090,257,0
1628842458,12,1,3084,250.00,2012,1072,257,0
1628842459,12,1,3096,250.00,1926,1170,258,0
1628842460,12,1,3084,249.51,1967,1117,257,0
1628842461,12,1,3060,250.13,1939,1121,255,0
1628842462,12,1,3084,249.27,2056,1028,257,0
1628842463,12,1,3096,250.37,1983,1113,258,0
1628842464,12,1,3084,249.28,2013,1071,257,0
1628842465,12,1,3108,249.71,2012,1096,259,0
1628842466,12,1,3084,249.67,2016,1068,257,0
1628842467,12,1,3072,274.43,2015,1057,256,0
1628842468,12,1,3084,309.18,2039,1045,257,0
1628842469,12,1,3048,312.80,1950,1098,254,0
1628842470,12,1,3084,314.72,1909,1175,257,0
1628842471,12,1,3120,314.25,1925,1195,260,0
1628842472,12,1,3072,315.92,1960,1112,256,0
1628842473,12,1,3096,314.26,1873,1223,258,0
1628842474,12,1,3084,314.99,1909,1175,257,0
1628842475,12,1,3084,315.73,1935,1149,257,0
1628842476,12,1,3084,314.54,1918,1166,257,0
1628842477,12,1,3096,315.33,1919,1177,258,0
1628842478,12,1,3108,315.19,1863,1245,259,0
1628842480,12,1,3084,315.24,1929,1155,257,0
1628842481,12,1,3084,315.84,1885,1199,257,0
1628842482,12,1,3072,315.32,1905,1167,256,0
1628842483,12,1,3096,314.84,1927,1169,258,0
1628842484,12,1,3084,314.94,1920,1164,257,0
1628842485,12,1,3084,313.41,1959,1125,257,0
1628842486,12,1,3084,279.73,1934,1150,257,0
1628842487,12,1,3084,252.59,1850,1234,257,0
1628842488,12,1,3084,253.16,1880,1204,257,0
1628842489,12,1,3072,250.10,1943,1129,256,0
1628842490,12,1,3072,250.18,1853,1219,256,0
1628842491,12,1,3084,249.49,1900,1184,257,0
1628842492,12,1,3096,249.96,1920,1176,258,0
1628842493,12,1,3084,249.45,1905,1179,257,0
1628842494,12,1,3084,249.70,1774,1310,257,0
1628842495,12,1,3060,249.81,1862,1198,255,0
1628842496,12,1,3096,249.49,1906,1190,258,0
1628842497,12,1,3108,249.76,1978,1130,259,0
1628842498,12,1,3096,249.71,1955,1141,258,0
1628842499,12,1,3060,249.57,1933,1127,255,0
1628842500,12,1,3096,250.46,2123,973,258,0
1628842501,12,1,3072,250.00,1952,1120,256,0
1628842502,12,1,3072,250.00,1971,1101,256,0
1628842503,12,1,3072,249.14,2072,1000,256,0
1628842504,12,1,3060,250.50,2149,911,255,0
1628842505,12,1,3072,280.29,2020,1052,256,0
1628842506,12,1,3084,309.41,2051,1033,257,0
1628842507,12,1,3072,312.61,2063,1009,256,0
1628842508,12,1,3072,314.57,2012,1060,256,0
1628842509,12,1,3060,315.40,2028,1032,255,0
1628842510,12,1,3060,315.63,2045,1015,255,0
1628842511,12,1,3072,315.39,1965,1107,256,0
1628842512,12,1,3060,315.00,2003,1057,255,0
1628842513,12,1,3084,315.67,2026,1058,257,0
1628842514,12,1,3084,315.00,1937,1147,257,0
1628842515,12,1,3060,315.54,1981,1079,255,0
1628842516,12,1,3084,314.96,1970,1114,257,0
1628842517,12,1,3072,315.45,1932,1140,256,0
1628842518,12,1,3096,314.98,2015,1081,258,0
1628842519,12,1,3060,315.08,1965,1095,255,0
1628842520,12,1,3072,315.00,2033,1039,256,0
1628842521,12,1,3072,315.52,2056,1016,256,0
1628842522,12,1,3072,314.87,1918,1154,256,0
1628842523,12,1,3060,312.65,1990,1070,255,0
1628842524,12,1,3084,277.35,2026,1058,257,0
1628842526,12,1,3072,253.22,1957,1115,256,0
1628842527,12,1,3072,252.45,2036,1036,256,0
1628842528,12,1,3084,249.74,2012,1072,257,0
1628842529,12,1,3060,249.24,2051,1009,255,0
1628842530,12,1,3120,251.15,1987,1133,260,0
1628842531,12,1,3096,249.48,2021,1075,258,0
1628842532,12,1,3084,250.27,2044,1040,257,0
1628842533,12,1,3096,249.63,1948,1148,258,0
1628842534,12,1,3072,250.63,1994,1078,256,0
1628842535,12,1,3096,248.82,1948,1148,258,0
1628842536,12,1,3048,250.58,1941,1107,254,0
1628842537,12,1,3156,249.17,1958,1198,263,0
1628842538,12,1,3060,250.32,2038,1022,255,0
1628842539,12,1,3072,250.07,2080,992,256,0
1628842540,12,1,3108,249.23,1998,1110,259,0
1628842541,12,1,3096,249.77,1953,1143,258,0
1628842542,12,1,3060,250.00,1899,1161,255,0
1628842543,12,1,3072,249.87,1978,1094,256,0
1628842544,12,1,3048,250.80,1872,1176,254,0
1628842545,12,1,3072,282.33,1953,1119,256,0
1628842546,12,1,3096,310.27,1967,1129,258,0
1628842547,12,1,3072,311.91,1965,1107,256,0
1628842548,12,1,3096,314.98,1933,1163,258,0
1628842549,12,1,3084,315.00,1939,1145,257,0
1628842550,12,1,3072,315.00,1878,1194,256,0
1628842551,12,1,3084,314.78,1938,1146,257,0
1628842552,12,1,3096,315.11,1990,1106,258,0
1628842553,12,1,3072,315.17,1882,1190,256,0
1628842554,12,1,3072,315.42,1911,1161,256,0
1628842555,12,1,3072,314.20,1892,1180,256,0
1628842556,12,1,3072,315.65,1908,1164,256,0
1628842557,12,1,3084,315.85,1933,1151,257,0
1628842558,12,1,3072,315.18,1855,1217,256,0
1628842559,12,1,3084,315.33,1936,1148,257,0
1628842560,12,1,3072,315.38,1966,1106,256,0
1628842561,12,1,3072,315.00,1873,1199,256,0
1628842562,12,1,3084,315.09,1889,1195,257,0
1628842563,12,1,3060,315.29,1904,1156,255,0
1628842564,12,1,3072,315.18,1902,1170,256,0
1628842565,12,1,3072,315.55,1946,1126,256,0
1628842566,12,1,3072,305.96,1909,1163,256,0
1628842567,12,1,3084,264.47,1887,1197,257,0
1628842568,12,1,3072,252.52,1898,1174,256,0
1628842569,12,1,3060,251.32,1881,1179,255,0
1628842571,12,1,3024,250.40,1957,1067,252,0
1628842572,12,1,3108,250.39,1945,1163,259,0
1628842573,12,1,3060,249.31,1991,1069,255,0
1628842574,12,1,3072,249.95,1937,1135,256,0
1628842575,12,1,3072,249.29,1943,1129,256,0
1628842576,12,1,3072,249.95,1830,1242,256,0
1628842577,12,1,3072,249.07,1926,1146,256,0
1628842578,12,1,3072,249.99,1934,1138,256,0
1628842579,12,1,3084,249.26,2010,1074,257,0
1628842580,12,1,3084,250.00,1832,1252,257,0
1628842581,12,1,3072,249.38,1922,1150,256,0
1628842582,12,1,3024,249.98,1871,1153,252,0
1628842583,12,1,3072,249.22,2014,1058,256,0
1628842584,12,1,3108,250.51,1915,1193,259,0
1628842585,12,1,3072,249.39,1986,1086,256,0
1628842586,12,1,3060,249.88,1868,1192,255,0
1628842587,12,1,3072,249.45,1908,1164,256,0
1628842588,12,1,3072,252.16,1825,1247,256,0
1628842589,12,1,3060,290.17,1853,1207,255,0
1628842590,12,1,3096,310.08,1923,1173,258,0
1628842591,12,1,3084,313.26,1860,1224,257,0
1628842592,12,1,3072,315.00,1902,1170,256,0
1628842593,12,1,3060,315.11,1899,1161,255,0
1628842594,12,1,3072,315.26,1861,1211,256,0
1628842595,12,1,3096,315.45,1838,1258,258,0
1628842596,12,1,3072,314.89,1706,1366,256,0
1628842597,12,1,3096,315.60,1836,1260,258,0
1628842598,12,1,3060,315.15,1842,1218,255,0
1628842599,12,1,3084,315.48,1803,1281,257,0
1628842600,12,1,3084,314.13,1780,1304,257,0
1628842601,12,1,3060,315.45,1757,1303,255,0
1628842602,12,1,3084,315.20,1791,1293,257,0
1628842603,12,1,3084,315.35,1775,1309,257,0
1628842604,12,1,3072,315.12,1738,1334,256,0
1628842605,12,1,3084,315.58,1790,1294,257,0
1628842606,12,1,3060,314.57,1792,1268,255,0
1628842607,12,1,3072,315.29,1725,1347,256,0
1628842608,12,1,3060,314.77,1720,1340,255,0
1628842609,12,1,3108,289.31,1705,1403,259,0
1628842610,12,1,3060,254.22,1731,1329,255,0
1628842611,12,1,3072,253.70,1681,1391,256,0
1628842612,12,1,3084,250.91,1700,1384,257,0
1628842613,12,1,3072,250.00,1703,1369,256,0
1628842614,12,1,3072,250.00,1638,1434,256,0
1628842615,12,1,3084,249.96,1667,1417,257,0
1628842616,12,1,3072,249.21,1636,1436,256,0
1628842617,12,1,3096,250.36,1740,1356,258,0
1628842619,12,1,3060,249.24,1722,1338,255,0
1628842620,12,1,3072,250.02,1779,1293,256,0
1628842621,12,1,3096,249.77,1711,1385,258,0
1628842622,12,1,3072,249.00,1852,1220,256,0
1628842623,12,1,3084,249.65,1813,1271,257,0
1628842624,12,1,3060,249.76,1845,1215,255,0
1628842625,12,1,3072,249.50,1727,1345,256,0
1628842626,12,1,3072,250.64,1793,1279,256,0
1628842627,12,1,3096,249.13,1734,1362,258,0
1628842628,12,1,3048,249.94,1665,1383,254,0
1628842629,12,1,3084,262.36,1643,1441,257,0
1628842630,12,1,3072,305.06,1617,1455,256,0
1628842631,12,1,3072,311.62,1740,1332,256,0
1628842632,12,1,3072,314.29,1721,1351,256,0
1628842633,12,1,3084,315.19,1737,1347,257,0
1628842634,12,1,3060,315.15,1786,1274,255,0
1628842635,12,1,3060,314.89,1825,1235,255,0
1628842636,12,1,3084,315.34,1818,1266,257,0
1628842637,12,1,3072,314.96,1768,1304,256,0
1628842638,12,1,3072,316.00,1708,1364,256,0
1628842639,12,1,3072,315.38,1755,1317,256,0
1628842640,12,1,3072,314.41,1746,1326,256,0
1628842641,12,1,3060,315.00,1749,1311,255,0
1628842642,12,1,3084,315.42,1766,1318,257,0
1628842643,12,1,3072,315.53,1682,1390,256,0
1628842644,12,1,3072,315.14,1686,1386,256,0
1628842645,12,1,3084,315.19,1748,1336,257,0
1628842646,12,1,3084,315.35,1839,1245,257,0
1628842647,12,1,3060,315.08,1729,1331,255,0
1628842648,12,1,3096,304.02,1742,1354,258,0
1628842649,12,1,3072,262.64,1674,1398,256,0
1628842650,12,1,3072,251.75,1719,1353,256,0
1628842651,12,1,3060,251.78,1644,1416,255,0
1628842652,12,1,3072,250.29,1722,1350,256,0
