1628237699696817,114.426,124.426,0,0,329,0
1628237699697171,113.438,123.438,0,0,329,0
1628237699698059,112.453,122.453,0,0,329,0
1628237699698343,111.484,121.484,0,0,329,0
1628237699698627,110.804,120.516,3564,1,329,0
1628237699698875,109.840,119.547,3500,1,329,3
1628237699699076,108.873,118.578,3477,1,329,2
1628237699699328,107.609,117.609,0,0,329,0
1628237699699634,106.641,116.641,0,0,329,0
1628237699699926,105.971,115.672,3428,1,329,0
1628237699700207,104.703,114.703,0,0,329,0
1628237699700460,103.732,113.732,0,0,329,0
1628237699700737,102.761,112.761,0,0,329,0
1628237699701018,101.790,111.790,0,0,329,0
1628237699701325,100.819,110.819,0,0,329,0
1628237699701626,99.848,109.848,0,0,329,0
1628237699701902,98.877,108.877,0,0,329,0
1628237699702204,97.906,107.906,0,0,329,0
1628237699702511,96.938,106.938,0,0,329,0
1628237699702777,95.946,105.946,0,0,329,0
1628237699703067,94.955,104.955,0,0,329,0
1628237699703345,93.964,103.964,0,0,329,0
1628237699703659,93.589,100.991,395,1,329,37
1628237699703913,92.973,102.973,0,0,329,0
1628237699704165,92.604,100.000,394,1,329,42
1628237699704421,91.982,101.982,0,0,329,0
1628237699704680,91.629,99.031,395,1,328,43
1628237699704922,90.662,98.065,395,1,328,44
1628237699705278,89.689,97.098,396,1,328,43
1628237699705514,88.729,96.132,395,1,328,42
1628237699705779,87.756,95.165,396,1,328,44
1628237699706021,86.790,94.199,396,1,328,43
1628237699706244,85.830,93.232,395,1,328,44
1628237699706496,84.863,92.266,395,1,328,43
1628237699706734,83.894,91.297,395,1,328,42
1628237699707025,80.330,90.330,0,0,328,0
1628237699707269,79.364,89.364,0,0,328,0
1628237699707519,78.397,88.397,0,0,328,0
1628237699707738,77.431,87.431,0,0,328,0
1628237699707948,76.464,86.464,0,0,328,0
1628237699708151,75.498,85.498,0,0,328,0
1628237699708342,74.531,84.531,0,0,328,0
1628237699708531,73.563,83.563,0,0,328,0
1628237699708730,72.596,82.596,0,0,328,0
1628237699708950,71.629,81.629,0,0,328,0
1628237699709143,70.663,80.663,0,0,328,0
1628237699709328,69.696,79.696,0,0,328,0
1628237699709523,68.730,78.730,0,0,328,0
1628237699709708,67.763,77.763,0,0,328,0
1628237699709901,66.797,76.797,0,0,328,0
1628237699710099,65.672,75.672,0,0,327,0
1628237699881726,114.297,124.297,0,0,334,0
1628237699882091,113.313,123.313,0,0,334,0
1628237699883295,112.328,122.328,0,0,334,0
1628237699883561,111.344,121.344,0,0,334,0
1628237699883827,110.652,120.359,3507,1,334,3
1628237699884094,109.678,119.384,3496,1,334,3
1628237699884352,108.794,118.408,2663,1,334,1
1628237699884623,107.802,117.433,2786,1,334,0
1628237699884881,106.458,116.458,0,0,334,0
1628237699885138,105.482,115.482,0,0,334,0
1628237699885434,104.507,114.507,0,0,334,0
1628237699885692,103.531,113.531,0,0,334,0
1628237699885956,102.563,112.563,0,0,334,0
1628237699886212,101.585,111.585,0,0,334,0
1628237699886491,100.607,110.607,0,0,334,0
1628237699886737,99.629,109.629,0,0,334,0
1628237699886991,98.652,108.652,0,0,334,0
1628237699887250,97.674,107.674,0,0,334,0
1628237699887507,96.696,106.696,0,0,334,0
1628237699887756,95.719,105.719,0,0,334,0
1628237699888011,94.750,104.750,0,0,334,0
1628237699888222,93.757,103.757,0,0,334,0
1628237699888384,93.381,100.777,394,1,334,41
1628237699888642,92.763,102.763,0,0,334,0
1628237699888920,92.388,99.783,394,1,334,43
1628237699889208,91.770,101.770,0,0,334,0
1628237699889454,91.388,98.790,395,1,334,43
1628237699889690,90.388,97.797,396,1,334,44
1628237699889931,89.426,96.828,395,1,334,44
1628237699890182,88.452,95.855,395,1,334,40
1628237699890415,87.473,94.882,396,1,334,43
1628237699890662,86.499,93.908,396,1,334,44
1628237699890903,85.533,92.935,395,1,334,42
1628237699891146,84.560,91.962,395,1,334,43
1628237699891349,83.613,90.989,391,1,334,27
1628237699891587,80.016,90.016,0,0,334,0
1628237699891833,79.031,89.031,0,0,334,0
1628237699892078,78.058,88.058,0,0,334,0
1628237699892308,77.085,87.085,0,0,334,0
1628237699892554,76.112,86.112,0,0,334,0
1628237699892783,75.138,85.138,0,0,334,0
1628237699893074,74.165,84.165,0,0,334,0
1628237699893307,73.192,83.192,0,0,334,0
1628237699893597,72.219,82.219,0,0,334,0
1628237699893849,71.250,81.250,0,0,333,0
1628237699894126,70.254,80.254,0,0,333,0
1628237699894379,69.259,79.259,0,0,333,0
1628237699894635,68.263,78.263,0,0,333,0
1628237699894869,67.268,77.268,0,0,333,0
1628237699895112,66.272,76.272,0,0,333,0
1628237699895599,65.277,75.277,0,0,333,0
1628237700051207,114.438,124.438,0,0,335,0
1628237700051442,113.469,123.469,0,0,335,0
1628237700052128,112.507,122.507,0,0,335,0
1628237700052259,111.545,121.545,0,0,335,0
1628237700052379,110.583,120.583,0,0,335,0
1628237700052501,109.914,119.621,3502,1,335,3
1628237700052763,108.954,118.658,3480,1,335,2
1628237700052882,107.696,117.696,0,0,335,0
1628237700053019,107.081,116.734,2962,1,335,0
1628237700053161,106.065,115.766,3428,1,335,1
1628237700053262,104.801,114.801,0,0,335,0
1628237700053353,103.837,113.837,0,0,335,0
1628237700053505,102.873,112.873,0,0,335,0
1628237700053665,101.908,111.908,0,0,335,0
1628237700053724,100.944,110.944,0,0,335,0
1628237700053818,99.980,109.980,0,0,335,0
1628237700053950,99.016,109.016,0,0,335,0
1628237700054069,98.063,108.063,0,0,335,0
1628237700054162,97.098,107.098,0,0,335,0
1628237700054210,96.134,106.134,0,0,335,0
1628237700054243,95.170,105.170,0,0,335,0
1628237700054328,94.205,104.205,0,0,335,0
1628237700054431,93.943,101.313,390,1,335,5
1628237700054525,93.241,103.241,0,0,335,0
1628237700054570,92.832,100.234,395,1,335,41
1628237700054614,92.277,102.277,0,0,335,0
1628237700054719,91.876,99.272,394,1,335,42
1628237700054807,90.908,98.310,395,1,335,44
1628237700054897,89.946,97.348,395,1,335,42
1628237700054988,88.977,96.386,396,1,335,44
1628237700055113,88.015,95.424,396,1,335,43
1628237700055254,87.053,94.462,396,1,335,44
1628237700055298,86.098,93.500,395,1,335,43
1628237700055329,85.144,92.547,395,1,335,41
1628237700055358,84.182,91.585,395,1,335,42
1628237700055387,80.623,90.623,0,0,335,0
1628237700055416,79.661,89.661,0,0,335,0
1628237700055445,78.699,88.699,0,0,335,0
1628237700055474,77.737,87.737,0,0,335,0
1628237700055502,76.775,86.775,0,0,335,0
1628237700055531,75.813,85.813,0,0,335,0
1628237700055560,74.859,84.859,0,0,335,0
1628237700055590,73.897,83.897,0,0,335,0
1628237700055620,72.935,82.935,0,0,335,0
1628237700055779,71.973,81.973,0,0,335,0
1628237700055835,71.011,81.011,0,0,335,0
1628237700056002,70.049,80.049,0,0,335,0
1628237700056092,69.087,79.087,0,0,335,0
1628237700056182,68.125,78.125,0,0,335,0
1628237700056279,67.172,77.172,0,0,335,0
1628237700056383,66.194,76.194,0,0,335,0
1628237700056484,65.217,75.217,0,0,335,0
1628237700238075,114.967,124.967,0,0,335,0
1628237700238308,114.007,124.007,0,0,335,0
1628237700239393,113.047,123.047,0,0,335,0
1628237700239554,112.094,122.094,0,0,335,0
1628237700239720,111.143,121.143,0,0,335,0
1628237700239871,110.484,120.192,3517,1,335,4
1628237700240035,109.534,119.241,3502,1,335,3
1628237700240185,108.676,118.290,2663,1,335,2
1628237700240335,107.705,117.339,2808,1,335,0
1628237700240499,106.388,116.388,0,0,335,0
1628237700240654,105.438,115.438,0,0,335,0
1628237700240815,104.484,114.484,0,0,335,0
1628237700240980,103.533,113.533,0,0,335,0
1628237700241130,102.583,112.583,0,0,335,0
1628237700241279,101.632,111.632,0,0,335,0
1628237700241429,100.681,110.681,0,0,335,0
1628237700241589,99.730,109.730,0,0,335,0
1628237700241737,98.779,108.779,0,0,335,0
1628237700241890,97.828,107.828,0,0,335,0
1628237700242040,96.891,106.891,0,0,335,0
1628237700242235,95.933,105.933,0,0,335,0
1628237700242394,94.975,104.975,0,0,335,0
1628237700242551,94.018,104.018,0,0,335,0
1628237700242660,93.743,101.145,395,1,335,35
1628237700242735,93.060,103.060,0,0,335,0
1628237700242809,92.785,100.188,395,1,335,41
1628237700242896,92.103,102.103,0,0,335,0
1628237700242924,91.832,99.234,395,1,335,43
1628237700242953,90.881,98.283,395,1,335,44
1628237700242982,89.930,97.333,395,1,335,42
1628237700243011,88.979,96.382,395,1,335,43
1628237700243040,88.022,95.431,396,1,335,43
1628237700243069,87.071,94.480,396,1,335,44
1628237700243098,86.127,93.529,395,1,335,42
1628237700243127,85.176,92.578,395,1,335,42
1628237700243156,84.223,91.625,395,1,335,42
1628237700243185,80.674,90.674,0,0,335,0
1628237700243214,79.723,89.723,0,0,335,0
1628237700243243,78.772,88.772,0,0,335,0
1628237700243272,77.821,87.821,0,0,335,0
1628237700243300,76.871,86.871,0,0,335,0
1628237700243329,75.920,85.920,0,0,335,0
1628237700243357,74.969,84.969,0,0,335,0
1628237700243386,74.016,84.016,0,0,335,0
1628237700243414,73.063,83.063,0,0,335,0
1628237700243442,72.109,82.109,0,0,335,0
1628237700243470,71.156,81.156,0,0,335,0
1628237700243499,70.203,80.203,0,0,335,0
1628237700243669,69.250,79.250,0,0,335,0
1628237700243707,68.297,78.297,0,0,335,0
1628237700243744,67.344,77.344,0,0,335,0
1628237700243812,66.234,76.234,0,0,335,0
1628237700243877,65.286,75.286,0,0,335,0
1628237700424758,114.063,124.063,0,0,332,0
1628237700425104,113.125,123.125,0,0,332,0
1628237700425367,112.188,122.188,0,0,332,0
1628237700425650,111.252,121.252,0,0,332,0
1628237700425909,110.610,120.317,3507,1,332,4
1628237700426173,109.676,119.382,3492,1,332,3
1628237700426506,108.832,118.446,2666,1,332,1
1628237700426791,107.511,117.511,0,0,332,0
1628237700427121,106.576,116.576,0,0,332,0
1628237700427476,105.641,115.641,0,0,332,0
1628237700427755,104.703,114.703,0,0,332,0
1628237700428181,103.768,113.768,0,0,332,0
1628237700428447,102.833,112.833,0,0,332,0
1628237700428710,101.897,111.897,0,0,332,0
1628237700428961,100.962,110.962,0,0,332,0
1628237700429411,100.027,110.027,0,0,332,0
1628237700429703,99.092,109.092,0,0,332,0
1628237700430141,98.156,108.156,0,0,332,0
1628237700430600,97.219,107.219,0,0,332,0
1628237700430896,96.283,106.283,0,0,332,0
1628237700431154,95.348,105.348,0,0,332,0
1628237700431406,94.413,104.413,0,0,332,0
1628237700431664,93.478,103.478,0,0,332,0
1628237700431941,93.276,100.672,394,1,332,41
1628237700432192,92.542,102.542,0,0,332,0
1628237700432469,92.238,99.641,395,1,333,42
1628237700432676,91.607,101.607,0,0,332,0
1628237700432891,91.305,98.708,395,1,333,42
1628237700433159,90.366,97.775,396,1,333,44
1628237700433384,89.433,96.842,396,1,333,44
1628237700433619,88.506,95.908,395,1,333,42
1628237700433833,87.566,94.975,396,1,333,43
1628237700434098,86.633,94.042,396,1,333,43
1628237700434319,85.707,93.109,395,1,333,44
1628237700434525,84.769,92.172,395,1,333,43
1628237700434740,83.843,91.239,394,1,333,40
1628237700434948,80.306,90.306,0,0,333,0
1628237700435167,79.373,89.373,0,0,333,0
1628237700435400,78.440,88.440,0,0,333,0
1628237700435589,77.507,87.507,0,0,333,0
1628237700435812,76.574,86.574,0,0,333,0
1628237700436008,75.641,85.641,0,0,333,0
1628237700436200,74.703,84.703,0,0,333,0
1628237700436397,73.770,83.770,0,0,333,0
1628237700436589,72.837,82.837,0,0,333,0
1628237700436783,71.904,81.904,0,0,333,0
1628237700436989,70.971,80.971,0,0,333,0
1628237700437172,70.038,80.038,0,0,333,0
1628237700437369,69.105,79.105,0,0,333,0
1628237700437556,68.172,78.172,0,0,333,0
1628237700437763,67.234,77.234,0,0,333,0
1628237700437950,66.288,76.288,0,0,333,0
1628237700438140,65.342,75.342,0,0,333,0
1628237700610422,114.641,124.641,0,0,328,0
1628237700610808,113.703,123.703,0,0,328,0
1628237700612023,112.766,122.766,0,0,328,0
1628237700612277,111.828,121.828,0,0,328,0
1628237700612556,110.891,120.891,0,0,328,0
1628237700612945,110.246,119.953,3504,1,328,2
1628237700613174,109.309,119.016,3499,1,328,3
1628237700613479,108.463,118.078,2665,1,328,0
1628237700613740,107.503,117.141,2834,1,328,0
1628237700613999,106.217,116.217,0,0,328,0
1628237700614208,105.292,115.292,0,0,328,0
1628237700614487,104.368,114.368,0,0,328,0
1628237700615035,103.444,113.444,0,0,328,0
1628237700615292,102.520,112.520,0,0,328,0
1628237700615537,101.596,111.596,0,0,328,0
1628237700615842,100.672,110.672,0,0,328,0
1628237700616338,99.750,109.750,0,0,328,0
1628237700616858,98.826,108.826,0,0,328,0
1628237700617180,97.902,107.902,0,0,328,0
1628237700617391,96.978,106.978,0,0,328,0
1628237700617480,96.054,106.054,0,0,328,0
1628237700617567,95.129,105.129,0,0,328,0
1628237700617637,94.205,104.205,0,0,328,0
1628237700617666,93.997,101.413,397,1,329,4
1628237700617704,93.281,103.281,0,0,328,0
1628237700617733,93.086,100.482,394,1,329,41
1628237700617761,92.344,102.344,0,0,329,0
1628237700617790,92.149,99.551,395,1,329,41
1628237700617822,91.218,98.621,395,1,329,43
1628237700617851,90.281,97.690,396,1,329,44
1628237700617891,89.350,96.759,396,1,329,44
1628237700617921,88.419,95.828,396,1,329,43
1628237700617952,87.497,94.906,396,1,329,43
1628237700617987,86.571,93.980,396,1,329,43
1628237700618038,85.651,93.054,395,1,329,43
1628237700618095,84.725,92.127,395,1,329,43
1628237700618126,83.812,91.201,393,1,329,39
1628237700618156,80.275,90.275,0,0,329,0
1628237700618194,79.348,89.348,0,0,329,0
1628237700618299,78.422,88.422,0,0,329,0
1628237700618329,77.500,87.500,0,0,329,0
1628237700618359,76.576,86.576,0,0,329,0
1628237700618405,75.652,85.652,0,0,329,0
1628237700618442,74.728,84.728,0,0,329,0
1628237700618482,73.804,83.804,0,0,329,0
1628237700618529,72.879,82.879,0,0,329,0
1628237700618562,71.955,81.955,0,0,329,0
1628237700618614,71.031,81.031,0,0,329,0
1628237700618645,70.109,80.109,0,0,329,0
1628237700618675,69.161,79.161,0,0,329,0
1628237700618706,68.212,78.212,0,0,329,0
1628237700618736,67.263,77.263,0,0,329,0
1628237700618777,66.315,76.315,0,0,329,0
1628237700618808,65.366,75.366,0,0,329,0
1628237700811137,114.359,124.359,0,0,324,0
1628237700811489,113.438,123.438,0,0,324,0
1628237700812753,112.516,122.516,0,0,324,0
1628237700812995,111.594,121.594,0,0,324,0
1628237700813221,110.672,120.672,0,0,324,0
1628237700813403,110.044,119.750,3494,1,324,2
1628237700813645,109.122,118.828,3489,1,324,3
1628237700813886,107.906,117.906,0,0,324,0
1628237700814122,107.340,116.984,2884,1,324,0
1628237700814386,106.362,116.063,3427,1,324,1
1628237700814683,105.141,115.141,0,0,324,0
1628237700814945,104.219,114.219,0,0,324,0
1628237700815355,103.297,113.297,0,0,324,0
1628237700815591,102.375,112.375,0,0,324,0
1628237700815822,101.453,111.453,0,0,324,0
1628237700816049,100.531,110.531,0,0,324,0
1628237700816458,99.609,109.609,0,0,324,0
1628237700816695,98.690,108.690,0,0,324,0
1628237700816932,97.770,107.770,0,0,324,0
1628237700817208,96.850,106.850,0,0,324,0
1628237700817449,95.931,105.931,0,0,324,0
1628237700817689,95.011,105.011,0,0,324,0
1628237700817929,94.092,104.092,0,0,324,0
1628237700818163,93.939,101.308,390,1,324,5
1628237700818426,93.172,103.172,0,0,324,0
1628237700818695,92.970,100.366,394,1,324,41
1628237700818943,92.250,102.250,0,0,324,0
1628237700819182,92.022,99.424,395,1,324,41
1628237700819422,91.080,98.482,395,1,324,43
1628237700819664,90.138,97.540,395,1,324,44
1628237700819905,89.196,96.598,395,1,324,44
1628237700820163,88.247,95.656,396,1,324,43
1628237700820389,87.325,94.734,396,1,324,42
1628237700820615,86.415,93.817,395,1,324,43
1628237700820839,85.497,92.900,395,1,324,43
1628237700821058,84.580,91.982,395,1,324,43
1628237700821288,83.682,91.065,392,1,324,35
1628237700821504,80.147,90.147,0,0,324,0
1628237700821733,79.230,89.230,0,0,324,0
1628237700821956,78.313,88.313,0,0,324,0
1628237700822205,77.391,87.391,0,0,324,0
1628237700822449,76.473,86.473,0,0,324,0
1628237700822678,75.556,85.556,0,0,324,0
1628237700822916,74.638,84.638,0,0,324,0
1628237700823152,73.721,83.721,0,0,324,0
1628237700823403,72.804,82.804,0,0,324,0
1628237700823628,71.886,81.886,0,0,324,0
1628237700823859,70.969,80.969,0,0,324,0
1628237700824092,70.047,80.047,0,0,325,0
1628237700824311,69.112,79.112,0,0,325,0
1628237700824556,68.176,78.176,0,0,325,0
1628237700824786,67.241,77.241,0,0,325,0
1628237700825011,66.306,76.306,0,0,325,0
1628237700825225,65.371,75.371,0,0,325,0
1628237700981324,114.710,124.710,0,0,321,0
1628237700981667,113.781,123.781,0,0,321,0
1628237700982892,112.859,122.859,0,0,321,0
1628237700983139,111.946,121.946,0,0,321,0
1628237700983422,111.033,121.033,0,0,321,0
1628237700983683,110.413,120.121,3509,1,321,4
1628237700983929,109.501,119.208,3505,1,321,3
1628237700984195,108.680,118.295,2663,1,321,2
1628237700984460,107.750,117.382,2791,1,321,0
1628237700984725,106.469,116.469,0,0,321,0
1628237700984976,105.563,115.563,0,0,321,0
1628237700985239,104.650,114.650,0,0,321,0
1628237700985498,103.737,113.737,0,0,321,0
1628237700985761,102.824,112.824,0,0,321,0
1628237700986040,101.911,111.911,0,0,321,0
1628237700986271,100.998,110.998,0,0,321,0
1628237700986541,100.085,110.085,0,0,321,0
1628237700986804,99.172,109.172,0,0,321,0
1628237700987079,98.266,108.266,0,0,321,0
1628237700987341,97.353,107.353,0,0,321,0
1628237700987612,96.440,106.440,0,0,321,0
1628237700987858,95.527,105.527,0,0,321,0
1628237700988144,94.614,104.614,0,0,321,0
1628237700988347,93.701,103.701,0,0,321,0
1628237700988560,93.573,100.969,394,1,321,41
1628237700988815,92.788,102.788,0,0,321,0
1628237700989063,92.651,100.047,394,1,321,42
1628237700989372,91.875,101.875,0,0,321,0
1628237700989550,91.723,99.125,395,1,321,43
1628237700989784,90.801,98.203,395,1,321,44
1628237700990007,89.872,97.281,396,1,321,43
1628237700990231,88.957,96.359,395,1,321,43
1628237700990463,88.035,95.438,395,1,321,44
1628237700990694,87.107,94.516,396,1,321,44
1628237700990916,86.191,93.594,395,1,321,42
1628237700991142,85.281,92.683,395,1,321,41
1628237700991364,84.370,91.772,395,1,321,41
1628237700991595,83.499,90.862,389,1,321,4
1628237700991825,79.951,89.951,0,0,321,0
1628237700992010,79.040,89.040,0,0,321,0
1628237700992251,78.129,88.129,0,0,321,0
1628237700992480,77.219,87.219,0,0,321,0
1628237700992662,76.297,86.297,0,0,321,0
1628237700992846,75.386,85.386,0,0,321,0
1628237700993043,74.475,84.475,0,0,321,0
1628237700993240,73.565,83.565,0,0,321,0
1628237700993443,72.654,82.654,0,0,321,0
1628237700993609,71.743,81.743,0,0,321,0
1628237700993818,70.833,80.833,0,0,321,0
1628237700994033,69.922,79.922,0,0,321,0
1628237700994330,69.000,79.000,0,0,321,0
1628237700994494,68.076,78.076,0,0,321,0
1628237700994720,67.152,77.152,0,0,321,0
1628237700994928,66.228,76.228,0,0,321,0
1628237700995137,65.304,75.304,0,0,321,0
1628237701183364,114.138,124.138,0,0,318,0
1628237701183581,113.223,123.223,0,0,318,0
1628237701184718,112.308,122.308,0,0,318,0
1628237701184931,111.393,121.393,0,0,318,0
1628237701185418,110.770,120.478,3513,1,318,2
1628237701185532,109.857,119.563,3491,1,318,3
1628237701185746,108.952,118.656,3469,1,318,2
1628237701185887,107.746,117.746,0,0,318,0
1628237701186099,107.186,116.835,2927,1,318,0
1628237701186320,106.224,115.924,3426,1,318,2
1628237701186506,105.013,115.013,0,0,318,0
1628237701186610,104.103,114.103,0,0,318,0
1628237701186699,103.192,113.192,0,0,318,0
1628237701186795,102.281,112.281,0,0,318,0
1628237701186859,101.359,111.359,0,0,318,0
1628237701186904,100.449,110.449,0,0,318,0
1628237701186956,99.538,109.538,0,0,318,0
1628237701187023,98.627,108.627,0,0,318,0
1628237701187062,97.717,107.717,0,0,318,0
1628237701187099,96.806,106.806,0,0,318,0
1628237701187154,95.895,105.895,0,0,318,0
1628237701187203,94.984,104.984,0,0,318,0
1628237701187241,94.078,104.078,0,0,318,0
1628237701187289,93.857,101.279,398,1,318,12
1628237701187327,93.145,103.145,0,0,318,0
1628237701187396,92.950,100.346,394,1,318,40
1628237701187466,92.212,102.212,0,0,318,0
1628237701187538,92.011,99.413,395,1,318,41
1628237701187581,91.077,98.480,395,1,318,43
1628237701187634,90.138,97.547,396,1,318,44
1628237701187680,89.238,96.641,395,1,318,44
1628237701187762,88.323,95.732,396,1,318,43
1628237701187806,87.415,94.824,396,1,318,43
1628237701187866,86.506,93.915,396,1,318,43
1628237701187908,85.604,93.007,395,1,318,43
1628237701187949,84.696,92.098,395,1,318,43
1628237701188007,83.794,91.190,394,1,318,40
1628237701188089,80.281,90.281,0,0,318,0
1628237701188143,79.375,89.375,0,0,318,0
1628237701188187,78.469,88.469,0,0,318,0
1628237701188230,77.563,87.563,0,0,318,0
1628237701188277,76.656,86.656,0,0,318,0
1628237701188338,75.750,85.750,0,0,318,0
1628237701188399,74.844,84.844,0,0,318,0
1628237701188442,73.938,83.938,0,0,318,0
1628237701188483,73.031,83.031,0,0,318,0
1628237701188524,72.125,82.125,0,0,318,0
1628237701188579,71.196,81.196,0,0,318,0
1628237701188624,70.268,80.268,0,0,318,0
1628237701188687,69.339,79.339,0,0,318,0
1628237701188729,68.411,78.411,0,0,318,0
1628237701188771,67.482,77.482,0,0,318,0
1628237701188871,66.554,76.554,0,0,318,0
1628237701188917,65.625,75.625,0,0,318,0
1628237701371448,114.634,124.634,0,0,316,0
1628237701371804,113.714,123.714,0,0,316,0
1628237701373042,112.795,122.795,0,0,316,0
1628237701373328,111.875,121.875,0,0,316,0
1628237701373583,110.969,120.969,0,0,316,0
1628237701373913,110.354,120.060,3495,1,316,3
1628237701374168,109.445,119.152,3505,1,316,3
1628237701374427,108.629,118.243,2662,1,316,2
1628237701374683,107.701,117.335,2807,1,316,0
1628237701374930,106.426,116.426,0,0,316,0
1628237701375190,105.518,115.518,0,0,316,0
1628237701375456,104.609,114.609,0,0,316,0
1628237701375718,103.703,113.703,0,0,316,0
1628237701375968,102.795,112.795,0,0,316,0
1628237701376243,101.886,111.886,0,0,316,0
1628237701376503,100.978,110.978,0,0,316,0
1628237701376763,100.069,110.069,0,0,316,0
1628237701376975,99.161,109.161,0,0,316,0
1628237701377236,98.252,108.252,0,0,316,0
1628237701377624,97.344,107.344,0,0,316,0
1628237701377886,96.438,106.438,0,0,316,0
1628237701378149,95.522,105.522,0,0,316,0
1628237701378404,94.607,104.607,0,0,316,0
1628237701378662,93.692,103.692,0,0,316,0
1628237701378906,93.551,100.946,394,1,316,41
1628237701379236,92.777,102.777,0,0,316,0
1628237701379434,92.629,100.031,395,1,316,42
1628237701379679,91.862,101.862,0,0,316,0
1628237701379918,91.723,99.125,395,1,316,44
1628237701380152,90.814,98.217,395,1,316,44
1628237701380397,89.899,97.308,396,1,316,42
1628237701380638,88.997,96.400,395,1,316,43
1628237701380880,88.082,95.491,396,1,316,42
1628237701381108,87.174,94.583,396,1,316,44
1628237701381408,86.272,93.674,395,1,316,41
1628237701381649,85.363,92.766,395,1,316,41
1628237701381891,84.457,91.859,395,1,316,41
1628237701382119,83.588,90.951,389,1,316,12
1628237701382377,80.042,90.042,0,0,316,0
1628237701382634,79.134,89.134,0,0,316,0
1628237701382866,78.225,88.225,0,0,316,0
1628237701383104,77.317,87.317,0,0,316,0
1628237701383343,76.408,86.408,0,0,316,0
1628237701383581,75.500,85.500,0,0,316,0
1628237701383814,74.594,84.594,0,0,316,0
1628237701384060,73.685,83.685,0,0,316,0
1628237701384293,72.777,82.777,0,0,316,0
1628237701384537,71.868,81.868,0,0,316,0
1628237701384765,70.960,80.960,0,0,316,0
1628237701385002,70.051,80.051,0,0,316,0
1628237701385262,69.143,79.143,0,0,316,0
1628237701385477,68.234,78.234,0,0,316,0
1628237701385701,67.328,77.328,0,0,317,0
1628237701385935,66.402,76.402,0,0,317,0
1628237701390498,65.475,75.475,0,0,317,0
1628237701558490,114.757,124.757,0,0,315,0
1628237701558866,113.844,123.844,0,0,315,0
1628237701560119,112.922,122.922,0,0,315,0
1628237701560381,112.013,122.013,0,0,315,0
1628237701560685,111.105,121.105,0,0,315,0
1628237701560966,110.489,120.196,3512,1,315,4
1628237701561218,109.581,119.288,3506,1,315,3
1628237701561481,108.765,118.379,2663,1,315,2
1628237701561724,107.839,117.471,2793,1,315,0
1628237701561977,106.563,116.563,0,0,315,0
1628237701562248,105.641,115.641,0,0,315,0
1628237701562544,104.732,114.732,0,0,315,0
1628237701562815,103.824,113.824,0,0,315,0
1628237701563075,102.915,112.915,0,0,315,0
1628237701563340,102.007,112.007,0,0,315,0
1628237701563606,101.098,111.098,0,0,315,0
1628237701563865,100.190,110.190,0,0,315,0
1628237701564127,99.281,109.281,0,0,315,0
1628237701564387,98.359,108.359,0,0,315,0
1628237701564645,97.451,107.451,0,0,315,0
1628237701564895,96.542,106.542,0,0,315,0
1628237701565153,95.634,105.634,0,0,315,0
1628237701565411,94.725,104.725,0,0,315,0
1628237701565727,93.817,103.817,0,0,315,0
1628237701565988,93.676,101.078,395,1,315,40
1628237701566253,92.908,102.908,0,0,315,0
1628237701566503,92.749,100.152,395,1,315,41
1628237701566760,92.000,102.000,0,0,315,0
1628237701567023,91.830,99.225,394,1,315,42
1628237701567278,90.897,98.299,395,1,315,44
1628237701567523,89.964,97.373,396,1,315,42
1628237701567777,89.044,96.446,395,1,315,44
1628237701568026,88.111,95.520,396,1,315,43
1628237701568279,87.185,94.594,396,1,315,42
1628237701568528,86.285,93.688,395,1,315,42
1628237701568784,85.377,92.779,395,1,315,41
1628237701569039,84.468,91.871,395,1,315,43
1628237701569341,83.593,90.962,390,1,315,20
1628237701569606,80.054,90.054,0,0,315,0
1628237701569854,79.145,89.145,0,0,315,0
1628237701570113,78.237,88.237,0,0,315,0
1628237701570371,77.328,87.328,0,0,315,0
1628237701570625,76.422,86.422,0,0,315,0
1628237701570875,75.516,85.516,0,0,315,0
1628237701571153,74.609,84.609,0,0,315,0
1628237701571397,73.703,83.703,0,0,315,0
1628237701571640,72.797,82.797,0,0,315,0
1628237701571874,71.891,81.891,0,0,315,0
1628237701572115,70.984,80.984,0,0,315,0
1628237701572360,70.078,80.078,0,0,315,0
1628237701572604,69.172,79.172,0,0,315,0
1628237701572833,68.243,78.243,0,0,315,0
1628237701577482,67.315,77.315,0,0,315,0
1628237701577647,66.386,76.386,0,0,315,0
1628237701577870,65.458,75.458,0,0,315,0
1628237701745582,114.145,124.145,0,0,315,0
1628237701746207,113.210,123.210,0,0,315,0
1628237701748446,112.275,122.275,0,0,315,0
1628237701748921,111.339,121.339,0,0,315,0
1628237701749312,110.694,120.404,3544,1,315,1
1628237701749838,109.763,119.469,3494,1,315,3
1628237701750225,108.842,118.547,3479,1,315,2
1628237701750462,107.634,117.634,0,0,315,0
1628237701750718,107.071,116.721,2933,1,315,0
1628237701750964,106.107,115.808,3434,1,315,2
1628237701751366,104.895,114.895,0,0,315,0
1628237701751551,103.982,113.982,0,0,315,0
1628237701751734,103.069,113.069,0,0,315,0
1628237701751812,102.156,112.156,0,0,315,0
1628237701752037,101.250,111.250,0,0,315,0
1628237701752196,100.335,110.335,0,0,315,0
1628237701752334,99.420,109.420,0,0,315,0
1628237701752468,98.504,108.504,0,0,315,0
1628237701752605,97.589,107.589,0,0,315,0
1628237701752756,96.674,106.674,0,0,315,0
1628237701752894,95.759,105.759,0,0,315,0
1628237701752924,94.844,104.844,0,0,315,0
1628237701752953,93.938,103.938,0,0,315,0
1628237701752984,93.743,101.145,395,1,315,34
1628237701753111,93.007,103.007,0,0,315,0
1628237701753264,92.812,100.214,395,1,315,41
1628237701753394,92.076,102.076,0,0,315,0
1628237701753533,91.888,99.283,394,1,315,42
1628237701753669,90.950,98.353,395,1,315,44
1628237701753825,90.019,97.422,395,1,315,43
1628237701753967,89.107,96.516,396,1,315,44
1628237701754125,88.196,95.605,396,1,315,43
1628237701754155,87.285,94.694,396,1,315,42
1628237701754220,86.374,93.783,396,1,315,43
1628237701754247,85.470,92.873,395,1,315,41
1628237701754274,84.560,91.962,395,1,315,43
1628237701754301,83.675,91.051,391,1,315,29
1628237701754327,80.141,90.141,0,0,315,0
1628237701754354,79.234,89.234,0,0,315,0
1628237701754381,78.321,88.321,0,0,315,0
1628237701754409,77.408,87.408,0,0,315,0
1628237701754434,76.496,86.496,0,0,315,0
1628237701754461,75.583,85.583,0,0,315,0
1628237701754487,74.670,84.670,0,0,315,0
1628237701754513,73.757,83.757,0,0,315,0
1628237701754539,72.844,82.844,0,0,315,0
1628237701754566,71.938,81.938,0,0,315,0
1628237701754592,71.007,81.007,0,0,315,0
1628237701754619,70.076,80.076,0,0,315,0
1628237701754645,69.145,79.145,0,0,315,0
1628237701754672,68.214,78.214,0,0,315,0
1628237701754698,67.283,77.283,0,0,315,0
1628237701754724,66.353,76.353,0,0,315,0
1628237701754751,65.422,75.422,0,0,315,0
1628237701945491,114.359,124.359,0,0,315,0
1628237701946267,113.453,123.453,0,0,315,0
1628237701949450,112.538,122.538,0,0,315,0
1628237701949960,111.623,121.623,0,0,315,0
1628237701950550,110.708,120.708,0,0,315,0
1628237701950809,110.086,119.792,3492,1,315,2
1628237701951085,109.172,118.877,3486,1,315,3
1628237701951342,107.962,117.962,0,0,315,0
1628237701951617,107.405,117.047,2867,1,315,0
1628237701951862,106.425,116.125,3425,1,315,1
1628237701952106,105.210,115.210,0,0,315,0
1628237701952362,104.295,114.295,0,0,315,0
1628237701952611,103.379,113.379,0,0,315,0
1628237701952794,102.464,112.464,0,0,315,0
1628237701952911,101.549,111.549,0,0,315,0
1628237701952943,100.634,110.634,0,0,315,0
1628237701952973,99.719,109.719,0,0,315,0
1628237701953003,98.797,108.797,0,0,315,0
1628237701953032,97.882,107.882,0,0,315,0
1628237701953061,96.967,106.967,0,0,315,0
1628237701953089,96.051,106.051,0,0,315,0
1628237701953118,95.136,105.136,0,0,315,0
1628237701953147,94.221,104.221,0,0,315,0
1628237701953175,93.306,103.306,0,0,315,0
1628237701953204,93.155,100.551,394,1,315,41
1628237701953234,92.391,102.391,0,0,315,0
1628237701953262,92.216,99.618,395,1,315,41
1628237701953291,91.484,101.484,0,0,315,0
1628237701953319,91.283,98.685,395,1,315,43
1628237701953348,90.343,97.752,396,1,315,44
1628237701953377,89.410,96.819,396,1,315,44
1628237701953407,88.477,95.886,396,1,315,40
1628237701953436,87.544,94.953,396,1,315,44
1628237701953465,86.638,94.047,396,1,315,43
1628237701953494,85.725,93.134,396,1,315,44
1628237701953523,84.819,92.221,395,1,315,43
1628237701953552,83.906,91.308,395,1,315,41
1628237701953580,80.395,90.395,0,0,315,0
1628237701953609,79.482,89.482,0,0,315,0
1628237701953638,78.569,88.569,0,0,315,0
1628237701953666,77.656,87.656,0,0,315,0
1628237701953695,76.750,86.750,0,0,315,0
1628237701953723,75.837,85.837,0,0,315,0
1628237701953751,74.924,84.924,0,0,315,0
1628237701953779,74.011,84.011,0,0,315,0
1628237701953808,73.098,83.098,0,0,315,0
1628237701953836,72.185,82.185,0,0,315,0
1628237701953864,71.272,81.272,0,0,315,0
1628237701953894,70.359,80.359,0,0,315,0
1628237701953922,69.438,79.438,0,0,315,0
1628237701953951,68.504,78.504,0,0,315,0
1628237701953980,67.571,77.571,0,0,315,0
1628237701954008,66.638,76.638,0,0,315,0
1628237701954036,65.705,75.705,0,0,315,0
1628237702131805,114.417,124.417,0,0,315,0
1628237702132160,113.489,123.489,0,0,315,0
1628237702133285,112.560,122.560,0,0,315,0
1628237702133533,111.632,121.632,0,0,315,0
1628237702133793,110.703,120.703,0,0,315,0
1628237702134052,110.091,119.797,3491,1,315,2
1628237702134315,109.179,118.884,3482,1,315,2
1628237702134578,107.971,117.971,0,0,315,0
1628237702134825,107.419,117.058,2848,1,315,0
1628237702135095,106.145,116.145,0,0,315,0
1628237702135352,105.232,115.232,0,0,315,0
1628237702135606,104.319,114.319,0,0,315,0
1628237702135851,103.406,113.406,0,0,315,0
1628237702136105,102.500,112.500,0,0,315,0
1628237702136367,101.589,111.589,0,0,315,0
1628237702136622,100.679,110.679,0,0,315,0
1628237702136868,99.768,109.768,0,0,315,0
1628237702137123,98.857,108.857,0,0,315,0
1628237702137403,97.946,107.946,0,0,315,0
1628237702137662,97.036,107.036,0,0,315,0
1628237702137915,96.125,106.125,0,0,315,0
1628237702138175,95.219,105.219,0,0,315,0
1628237702138432,94.290,104.290,0,0,315,0
1628237702138692,93.362,103.362,0,0,315,0
1628237702138951,93.180,100.576,394,1,315,41
1628237702139210,92.433,102.433,0,0,315,0
1628237702139459,92.245,99.647,395,1,315,42
1628237702139721,91.504,101.504,0,0,315,0
1628237702139981,91.316,98.719,395,1,315,43
1628237702140245,90.404,97.813,396,1,315,43
1628237702140498,89.495,96.904,396,1,315,44
1628237702140780,88.593,95.996,395,1,315,43
1628237702141064,87.678,95.087,396,1,315,43
1628237702141302,86.770,94.179,396,1,315,43
1628237702141501,85.868,93.270,395,1,315,44
1628237702141735,84.959,92.362,395,1,315,43
1628237702141984,84.051,91.453,395,1,315,41
1628237702142237,80.547,90.547,0,0,315,0
1628237702142506,79.636,89.636,0,0,315,0
1628237702142795,78.725,88.725,0,0,315,0
1628237702143035,77.815,87.815,0,0,315,0
1628237702143278,76.904,86.904,0,0,315,0
1628237702143521,75.993,85.993,0,0,315,0
1628237702143794,75.083,85.083,0,0,315,0
1628237702144143,74.172,84.172,0,0,315,0
1628237702144383,73.266,83.266,0,0,315,0
1628237702144678,72.357,82.357,0,0,315,0
1628237702144928,71.449,81.449,0,0,315,0
1628237702145168,70.540,80.540,0,0,315,0
1628237702145400,69.632,79.632,0,0,315,0
1628237702145816,68.723,78.723,0,0,315,0
1628237702150226,67.815,77.815,0,0,315,0
1628237702150678,66.906,76.906,0,0,315,0
1628237702150824,65.875,75.875,0,0,315,0
1628237702315952,114.818,124.016,1280,1,316,6
1628237702316491,113.880,123.103,1321,1,316,10
1628237702319809,112.956,122.190,1340,1,316,2
1628237702320383,111.277,121.277,0,0,316,0
1628237702320811,110.659,120.364,3473,1,316,1
1628237702321361,109.740,119.451,3551,1,316,0
1628237702321819,109.254,118.538,1433,1,316,1
1628237702321973,107.625,117.625,0,0,316,0
1628237702322095,107.048,116.703,2977,1,316,0
1628237702322270,106.091,115.790,3417,1,316,1
1628237702322409,104.877,114.877,0,0,316,0
1628237702322542,103.964,113.964,0,0,316,0
1628237702322672,103.051,113.051,0,0,316,0
1628237702322811,102.138,112.138,0,0,316,0
1628237702322964,101.225,111.225,0,0,316,0
1628237702323118,100.313,110.313,0,0,316,0
1628237702323342,99.406,109.406,0,0,316,0
1628237702323391,98.493,108.493,0,0,316,0
1628237702323447,97.580,107.580,0,0,316,0
1628237702323494,96.667,106.667,0,0,316,0
1628237702323535,95.754,105.754,0,0,316,0
1628237702323566,94.842,104.842,0,0,316,0
1628237702323614,93.929,103.929,0,0,316,0
1628237702323644,93.769,101.172,395,1,316,35
1628237702323766,93.016,103.016,0,0,316,0
1628237702323821,92.848,100.250,395,1,316,41
1628237702323851,92.094,102.094,0,0,316,0
1628237702323891,91.926,99.328,395,1,316,43
1628237702323919,91.004,98.406,395,1,316,44
1628237702323958,90.082,97.484,395,1,316,44
1628237702323997,89.160,96.563,395,1,316,44
1628237702324026,88.232,95.641,396,1,316,42
1628237702324064,87.316,94.719,395,1,316,43
1628237702324092,86.403,93.806,395,1,316,43
1628237702324131,85.490,92.893,395,1,316,43
1628237702324169,84.577,91.980,395,1,316,44
1628237702324207,83.691,91.067,391,1,316,32
1628237702324236,80.154,90.154,0,0,316,0
1628237702324275,79.241,89.241,0,0,316,0
1628237702324313,78.328,88.328,0,0,316,0
1628237702324341,77.422,87.422,0,0,316,0
1628237702324381,76.509,86.509,0,0,316,0
1628237702324417,75.596,85.596,0,0,316,0
1628237702324451,74.683,84.683,0,0,316,0
1628237702324482,73.770,83.770,0,0,316,0
1628237702324517,72.857,82.857,0,0,316,0
1628237702324549,71.944,81.944,0,0,316,0
1628237702324600,71.031,81.031,0,0,316,0
1628237702324634,70.125,80.125,0,0,316,0
1628237702324667,69.190,79.190,0,0,316,0
1628237702324698,68.254,78.254,0,0,316,0
1628237702324734,67.319,77.319,0,0,316,0
1628237702324763,66.384,76.384,0,0,316,0
1628237702324803,65.449,75.449,0,0,316,0
1628237702518505,114.836,123.893,1089,1,316,13
1628237702518993,113.907,122.962,1086,1,316,14
1628237702520330,112.980,122.031,1082,1,316,14
1628237702520712,112.070,121.125,1086,1,316,14
1628237702521004,111.147,120.208,1093,1,316,13
1628237702521292,110.221,119.290,1103,1,316,14
1628237702521577,109.300,118.373,1107,1,316,13
1628237702521842,108.379,117.455,1111,1,316,14
1628237702522119,107.426,116.538,1156,1,316,7
1628237702522441,106.481,115.621,1193,1,316,9
1628237702522770,105.542,114.703,1224,1,316,6
1628237702523025,103.781,113.781,0,0,316,0
1628237702523313,102.864,112.864,0,0,316,0
1628237702523583,101.946,111.946,0,0,316,0
1628237702523862,101.029,111.029,0,0,316,0
1628237702524105,100.112,110.112,0,0,316,0
1628237702524395,99.194,109.194,0,0,316,0
1628237702524746,98.277,108.277,0,0,316,0
1628237702525017,97.359,107.359,0,0,316,0
1628237702525301,96.438,106.438,0,0,316,0
1628237702525611,95.498,105.498,0,0,316,0
1628237702525888,94.558,104.558,0,0,316,0
1628237702526137,93.618,103.618,0,0,316,0
1628237702526403,93.403,100.799,394,1,316,41
1628237702526665,92.679,102.679,0,0,316,0
1628237702526966,92.457,99.859,395,1,316,42
1628237702527232,91.739,101.739,0,0,316,0
1628237702527596,91.535,98.938,395,1,316,44
1628237702527868,90.622,98.025,395,1,316,44
1628237702528163,89.703,97.112,396,1,316,43
1628237702528349,88.796,96.199,395,1,316,43
1628237702528506,87.877,95.286,396,1,316,44
1628237702528675,86.964,94.373,396,1,316,44
1628237702528832,86.057,93.460,395,1,316,42
1628237702529033,85.144,92.547,395,1,316,41
1628237702529193,84.238,91.641,395,1,316,41
1628237702529375,80.728,90.728,0,0,316,0
1628237702529565,79.815,89.815,0,0,316,0
1628237702529726,78.902,88.902,0,0,316,0
1628237702529976,77.989,87.989,0,0,316,0
1628237702530130,77.076,87.076,0,0,316,0
1628237702530286,76.163,86.163,0,0,316,0
1628237702530441,75.250,85.250,0,0,316,0
1628237702530605,74.328,84.328,0,0,316,0
1628237702530763,73.415,83.415,0,0,316,0
1628237702530974,72.502,82.502,0,0,316,0
1628237702531152,71.589,81.589,0,0,316,0
1628237702531382,70.676,80.676,0,0,316,0
1628237702531574,69.763,79.763,0,0,316,0
1628237702531750,68.850,78.850,0,0,316,0
1628237702531938,67.938,77.938,0,0,316,0
1628237702532150,67.031,77.031,0,0,316,0
1628237702536002,66.100,76.100,0,0,316,0
1628237702536183,65.170,75.170,0,0,316,0
1628237702703943,114.201,124.201,0,0,316,0
1628237702704253,113.309,122.353,1073,1,316,6
1628237702705422,113.277,123.277,0,0,316,0
1628237702705660,112.409,121.429,1047,1,316,12
1628237702705906,111.499,120.504,1032,1,316,13
1628237702706135,110.586,119.580,1021,1,316,14
1628237702706400,109.673,118.656,1010,1,316,13
1628237702706666,108.774,117.750,1003,1,316,15
1628237702706881,107.867,116.837,997,1,316,16
1628237702707178,106.958,115.924,993,1,316,15
1628237702707400,106.040,115.011,998,1,316,16
1628237702707610,104.098,114.098,0,0,316,0
1628237702707940,103.185,113.185,0,0,316,0
1628237702708142,102.272,112.272,0,0,316,0
1628237702708357,101.359,111.359,0,0,316,0
1628237702708566,100.453,110.453,0,0,316,0
1628237702708796,99.542,109.542,0,0,316,0
1628237702709001,98.632,108.632,0,0,316,0
1628237702709232,97.721,107.721,0,0,316,0
1628237702709456,96.810,106.810,0,0,316,0
1628237702709716,95.900,105.900,0,0,316,0
1628237702709975,94.989,104.989,0,0,316,0
1628237702710271,94.078,104.078,0,0,316,0
1628237702710520,93.915,101.324,396,1,316,12
1628237702710790,93.172,103.172,0,0,316,0
1628237702711074,93.004,100.400,394,1,316,41
1628237702711329,92.248,102.248,0,0,316,0
1628237702711672,92.073,99.475,395,1,316,41
1628237702711959,91.149,98.551,395,1,316,43
1628237702712289,90.218,97.627,396,1,316,44
1628237702712480,89.294,96.703,396,1,316,44
1628237702712671,88.388,95.797,396,1,316,44
1628237702712883,87.477,94.886,396,1,316,42
1628237702713124,86.566,93.975,396,1,316,44
1628237702713378,85.662,93.065,395,1,316,43
1628237702713622,84.752,92.154,395,1,316,43
1628237702713834,83.847,91.243,394,1,316,40
1628237702714043,80.333,90.333,0,0,316,0
1628237702714248,79.422,89.422,0,0,316,0
1628237702714430,78.516,88.516,0,0,316,0
1628237702714543,77.605,87.605,0,0,316,0
1628237702714674,76.694,86.694,0,0,316,0
1628237702714880,75.783,85.783,0,0,316,0
1628237702715201,74.873,84.873,0,0,316,0
1628237702715464,73.962,83.962,0,0,316,0
1628237702715683,73.051,83.051,0,0,316,0
1628237702715895,72.141,82.141,0,0,316,0
1628237702716113,71.234,81.234,0,0,316,0
1628237702716308,70.297,80.297,0,0,316,0
1628237702716639,69.359,79.359,0,0,316,0
1628237702716835,68.422,78.422,0,0,316,0
1628237702717056,67.484,77.484,0,0,316,0
1628237702717294,66.547,76.547,0,0,316,0
1628237702717408,65.609,75.609,0,0,316,0
1628237702890336,114.377,124.377,0,0,316,0
1628237702890694,113.467,123.467,0,0,316,0
1628237702891824,112.556,122.556,0,0,316,0
1628237702892090,111.645,121.645,0,0,316,0
1628237702892343,110.734,120.734,0,0,316,0
1628237702892601,110.122,119.828,3493,1,316,2
1628237702892932,109.214,118.920,3491,1,316,3
1628237702893190,108.083,117.103,1047,1,316,1
1628237702893448,108.011,118.011,0,0,316,0
1628237702893680,107.234,116.194,987,1,316,13
1628237702893936,106.340,115.286,974,1,316,15
1628237702894287,105.433,114.377,972,1,316,13
1628237702894540,103.469,113.469,0,0,316,0
1628237702894806,102.563,112.563,0,0,316,0
1628237702895101,101.656,111.656,0,0,316,0
1628237702895354,100.750,110.750,0,0,316,0
1628237702895617,99.844,109.844,0,0,316,0
1628237702895951,98.938,108.938,0,0,316,0
1628237702896205,98.031,108.031,0,0,316,0
1628237702896523,97.125,107.125,0,0,316,0
1628237702896781,96.219,106.219,0,0,316,0
1628237702897037,95.313,105.313,0,0,316,0
1628237702897287,94.386,104.386,0,0,316,0
1628237702897562,93.460,103.460,0,0,316,0
1628237702897821,93.285,100.681,394,1,316,41
1628237702898107,92.533,102.533,0,0,316,0
1628237702898370,92.352,99.754,395,1,316,44
1628237702898629,91.607,101.607,0,0,316,0
1628237702898902,91.426,98.828,395,1,316,43
1628237702899187,90.513,97.922,396,1,316,44
1628237702899434,89.615,97.018,395,1,316,44
1628237702899679,88.711,96.114,395,1,316,41
1628237702899927,87.801,95.210,396,1,316,44
1628237702900155,86.897,94.306,396,1,316,43
1628237702900409,85.999,93.402,395,1,316,44
1628237702900641,85.095,92.498,395,1,316,42
1628237702900876,84.191,91.594,395,1,316,43
1628237702901123,80.688,90.688,0,0,316,0
1628237702901364,79.783,89.783,0,0,316,0
1628237702901603,78.879,88.879,0,0,316,0
1628237702901832,77.975,87.975,0,0,316,0
1628237702902077,77.071,87.071,0,0,316,0
1628237702902318,76.167,86.167,0,0,316,0
1628237702902563,75.263,85.263,0,0,316,0
1628237702902796,74.359,84.359,0,0,316,0
1628237702903043,73.453,83.453,0,0,316,0
1628237702903276,72.549,82.549,0,0,316,0
1628237702903518,71.645,81.645,0,0,316,0
1628237702903756,70.741,80.741,0,0,316,0
1628237702903998,69.837,79.837,0,0,316,0
1628237702904232,68.933,78.933,0,0,316,0
1628237702904474,68.029,78.029,0,0,316,0
1628237702904711,67.125,77.125,0,0,316,0
1628237702904949,66.141,76.141,0,0,316,0
1628237702905308,65.239,75.239,0,0,316,0
1628237703077322,114.467,124.467,0,0,315,0
1628237703077672,113.540,123.540,0,0,315,0
1628237703078850,112.614,122.614,0,0,315,0
1628237703079112,111.688,121.688,0,0,315,0
1628237703079363,110.781,120.781,0,0,315,0
1628237703079621,110.171,119.877,3501,1,315,2
1628237703079906,109.267,118.973,3500,1,315,3
1628237703080163,108.454,118.069,2666,1,315,0
1628237703080415,107.528,117.165,2826,1,315,0
1628237703080712,106.261,116.261,0,0,315,0
1628237703080971,105.357,115.357,0,0,315,0
1628237703081221,104.453,114.453,0,0,315,0
1628237703081480,103.547,113.547,0,0,315,0
1628237703081744,102.641,112.641,0,0,315,0
1628237703082003,101.734,111.734,0,0,315,0
1628237703082260,100.828,110.828,0,0,315,0
1628237703082522,99.922,109.922,0,0,315,0
1628237703082775,99.016,109.016,0,0,315,0
1628237703083039,98.109,108.109,0,0,315,0
1628237703083304,97.203,107.203,0,0,315,0
1628237703083565,96.297,106.297,0,0,315,0
1628237703083822,95.382,105.382,0,0,315,0
1628237703084075,94.467,104.467,0,0,315,0
1628237703084322,93.551,103.551,0,0,315,0
1628237703084549,93.410,100.806,394,1,315,41
1628237703084856,92.636,102.636,0,0,315,0
1628237703085115,92.495,99.891,394,1,315,42
1628237703085371,91.721,101.721,0,0,315,0
1628237703085618,91.582,98.984,395,1,315,44
1628237703085771,90.669,98.078,396,1,315,44
1628237703085998,89.763,97.172,396,1,315,44
1628237703086268,88.863,96.266,395,1,315,43
1628237703086506,87.950,95.359,396,1,315,44
1628237703086750,87.044,94.453,396,1,315,44
1628237703086991,86.144,93.547,395,1,315,43
1628237703087225,85.238,92.641,395,1,315,41
1628237703087479,84.332,91.734,395,1,315,41
1628237703087716,80.828,90.828,0,0,315,0
1628237703087960,79.922,89.922,0,0,315,0
1628237703088203,79.016,89.016,0,0,315,0
1628237703088493,78.109,88.109,0,0,315,0
1628237703088748,77.203,87.203,0,0,315,0
1628237703088991,76.297,86.297,0,0,315,0
1628237703089234,75.391,85.391,0,0,315,0
1628237703089474,74.484,84.484,0,0,315,0
1628237703089729,73.578,83.578,0,0,315,0
1628237703089970,72.672,82.672,0,0,315,0
1628237703090207,71.766,81.766,0,0,315,0
1628237703090447,70.859,80.859,0,0,315,0
1628237703090678,69.953,79.953,0,0,315,0
1628237703090917,69.047,79.047,0,0,315,0
1628237703091164,68.141,78.141,0,0,315,0
1628237703091436,67.234,77.234,0,0,315,0
1628237703091637,66.304,76.304,0,0,315,0
1628237703091853,65.373,75.373,0,0,315,0
1628237703279478,114.850,124.850,0,0,314,0
1628237703279827,113.938,123.938,0,0,314,0
1628237703281046,113.031,123.031,0,0,314,0
1628237703281300,112.118,122.118,0,0,314,0
1628237703281547,111.205,121.205,0,0,314,0
1628237703281808,110.585,120.292,3515,1,314,4
1628237703282069,109.672,119.379,3505,1,314,3
1628237703282333,108.851,118.467,2669,1,314,1
1628237703282588,107.554,117.554,0,0,314,0
1628237703282852,106.641,116.641,0,0,314,0
1628237703283114,106.033,115.734,3438,1,314,0
1628237703283371,104.824,114.824,0,0,314,0
1628237703283617,103.913,113.913,0,0,314,0
1628237703283878,103.002,113.002,0,0,314,0
1628237703284164,102.092,112.092,0,0,314,0
1628237703284410,101.181,111.181,0,0,314,0
1628237703284671,100.270,110.270,0,0,314,0
1628237703284956,99.359,109.359,0,0,314,0
1628237703285213,98.453,108.453,0,0,314,0
1628237703285459,97.540,107.540,0,0,314,0
1628237703285714,96.627,106.627,0,0,314,0
1628237703285969,95.714,105.714,0,0,314,0
1628237703286235,94.801,104.801,0,0,314,0
1628237703286493,93.888,103.888,0,0,314,0
1628237703286736,93.754,101.156,395,1,314,37
1628237703286997,92.975,102.975,0,0,314,0
1628237703287277,92.823,100.225,395,1,314,41
1628237703287545,92.063,102.063,0,0,314,0
1628237703287799,91.899,99.295,394,1,314,42
1628237703288068,90.961,98.364,395,1,314,44
1628237703288330,90.031,97.433,395,1,314,43
1628237703288589,89.093,96.502,396,1,314,44
1628237703288840,88.162,95.571,396,1,314,43
1628237703289113,87.232,94.641,396,1,314,43
1628237703289371,86.325,93.734,396,1,314,43
1628237703289619,85.426,92.828,395,1,314,43
1628237703289903,84.519,91.922,395,1,314,43
1628237703290163,83.640,91.016,391,1,314,30
1628237703290427,80.109,90.109,0,0,314,0
1628237703290698,79.203,89.203,0,0,314,0
1628237703290943,78.297,88.297,0,0,314,0
1628237703291187,77.391,87.391,0,0,314,0
1628237703291437,76.484,86.484,0,0,314,0
1628237703291633,75.576,85.576,0,0,314,0
1628237703291887,74.667,84.667,0,0,314,0
1628237703292119,73.759,83.759,0,0,314,0
1628237703292360,72.850,82.850,0,0,314,0
1628237703292588,71.942,81.942,0,0,314,0
1628237703292829,71.033,81.033,0,0,314,0
1628237703293069,70.125,80.125,0,0,314,0
1628237703293310,69.219,79.219,0,0,314,0
1628237703297648,68.295,78.295,0,0,314,0
1628237703297856,67.371,77.371,0,0,314,0
1628237703298021,66.446,76.446,0,0,314,0
1628237703298189,65.522,75.522,0,0,314,0
1628237703463711,114.766,124.766,0,0,314,0
1628237703464559,113.844,123.844,0,0,314,0
1628237703466570,112.922,122.922,0,0,314,0
1628237703466843,112.000,122.000,0,0,314,0
1628237703466972,111.078,121.078,0,0,314,0
1628237703467105,110.449,120.156,3513,1,314,4
1628237703467242,109.528,119.234,3502,1,314,3
1628237703467372,108.714,118.328,2662,1,314,2
1628237703467507,107.788,117.420,2787,1,314,0
1628237703467546,106.511,116.511,0,0,314,0
1628237703467573,105.603,115.603,0,0,314,0
1628237703467601,104.694,114.694,0,0,314,0
1628237703467627,103.786,113.786,0,0,314,0
1628237703467654,102.877,112.877,0,0,314,0
1628237703467680,101.969,111.969,0,0,314,0
1628237703467707,101.063,111.063,0,0,314,0
1628237703467733,100.156,110.156,0,0,314,0
1628237703467759,99.250,109.250,0,0,314,0
1628237703467785,98.344,108.344,0,0,314,0
1628237703467812,97.438,107.438,0,0,314,0
1628237703467838,96.531,106.531,0,0,314,0
1628237703467864,95.625,105.625,0,0,314,0
1628237703467890,94.719,104.719,0,0,314,0
1628237703467916,93.813,103.813,0,0,314,0
1628237703467943,93.671,101.074,395,1,314,40
1628237703467970,92.900,102.900,0,0,314,0
1628237703467996,92.758,100.161,395,1,314,41
1628237703468030,91.987,101.987,0,0,314,0
1628237703468058,91.852,99.248,394,1,314,43
1628237703468084,90.932,98.335,395,1,314,43
1628237703468110,90.019,97.422,395,1,314,42
1628237703468136,89.107,96.516,396,1,314,44
1628237703468162,88.198,95.607,396,1,314,42
1628237703468188,87.290,94.699,396,1,314,43
1628237703468215,86.381,93.790,396,1,314,43
1628237703468241,85.479,92.882,395,1,314,42
1628237703468267,84.571,91.973,395,1,314,43
1628237703468294,83.689,91.065,391,1,314,27
1628237703468320,80.156,90.156,0,0,314,0
1628237703468346,79.250,89.250,0,0,314,0
1628237703468372,78.342,88.342,0,0,314,0
1628237703468399,77.433,87.433,0,0,314,0
1628237703468424,76.525,86.525,0,0,314,0
1628237703468450,75.616,85.616,0,0,314,0
1628237703468476,74.708,84.708,0,0,314,0
1628237703468504,73.799,83.799,0,0,314,0
1628237703468530,72.891,82.891,0,0,314,0
1628237703468556,72.110,81.056,974,1,314,4
1628237703468582,71.984,81.984,0,0,314,0
1628237703468610,71.183,80.127,972,1,314,4
1628237703468675,70.276,79.199,953,1,314,2
1628237703468743,69.325,78.270,973,1,314,3
1628237703468769,67.342,77.342,0,0,314,0
1628237703468795,66.413,76.413,0,0,314,0
1628237703468822,65.484,75.484,0,0,314,0
1628237703651241,114.920,124.920,0,0,314,0
1628237703651652,114.002,124.002,0,0,314,0
1628237703652937,113.085,123.085,0,0,314,0
1628237703653206,112.167,122.167,0,0,314,0
1628237703653456,111.250,121.250,0,0,314,0
1628237703653717,110.636,120.344,3514,1,314,3
1628237703653973,109.727,119.433,3498,1,314,3
1628237703654239,108.819,118.522,3464,1,314,1
1628237703654513,107.612,117.612,0,0,314,0
1628237703654762,106.701,116.701,0,0,314,0
1628237703655022,106.090,115.790,3428,1,314,1
1628237703655283,104.879,114.879,0,0,314,0
1628237703655550,103.969,113.969,0,0,314,0
1628237703655808,103.063,113.063,0,0,314,0
1628237703656087,102.154,112.154,0,0,314,0
1628237703656342,101.246,111.246,0,0,314,0
1628237703656586,100.337,110.337,0,0,314,0
1628237703656855,99.429,109.429,0,0,314,0
1628237703657113,98.520,108.520,0,0,314,0
1628237703657364,97.612,107.612,0,0,314,0
1628237703657620,96.703,106.703,0,0,314,0
1628237703657878,95.797,105.797,0,0,314,0
1628237703658140,94.864,104.864,0,0,314,0
1628237703658430,93.931,103.931,0,0,314,0
1628237703658678,93.729,101.132,395,1,314,27
1628237703658937,92.998,102.998,0,0,314,0
1628237703659194,92.803,100.199,394,1,314,41
1628237703659453,92.065,102.065,0,0,314,0
1628237703659722,91.863,99.266,395,1,314,42
1628237703659975,90.957,98.359,395,1,314,44
1628237703660279,90.051,97.453,395,1,314,44
1628237703660562,89.144,96.547,395,1,314,44
1628237703660965,88.232,95.641,396,1,314,43
1628237703661230,87.325,94.734,396,1,314,41
1628237703661499,86.419,93.828,396,1,314,43
1628237703661770,85.519,92.922,395,1,314,43
1628237703662341,84.613,92.016,395,1,314,43
1628237703662592,83.736,91.125,393,1,314,39
1628237703662946,80.219,90.219,0,0,314,0
1628237703663199,79.313,89.313,0,0,314,0
1628237703663451,78.406,88.406,0,0,314,0
1628237703663739,77.500,87.500,0,0,314,0
1628237703663976,76.594,86.594,0,0,314,0
1628237703664213,75.688,85.688,0,0,314,0
1628237703664454,74.781,84.781,0,0,314,0
1628237703664686,73.875,83.875,0,0,314,0
1628237703664921,72.971,82.971,0,0,314,0
1628237703665186,72.419,81.163,817,1,314,9
1628237703665390,72.067,82.067,0,0,314,0
1628237703665610,71.515,80.259,817,1,314,18
1628237703665801,70.607,79.355,820,1,314,19
1628237703669576,69.694,78.451,826,1,314,18
1628237703669659,68.784,77.547,830,1,314,19
1628237703669718,67.879,76.641,829,1,314,19
1628237703669747,66.957,75.719,829,1,314,16
1628237703669788,65.918,74.797,916,1,314,15
1628237703869239,114.411,124.411,0,0,314,0
1628237703869610,113.487,123.487,0,0,314,0
1628237703870786,112.563,122.563,0,0,314,0
1628237703871047,111.656,121.656,0,0,314,0
1628237703871296,110.752,120.752,0,0,314,0
1628237703871538,110.142,119.848,3493,1,314,2
1628237703871809,109.238,118.944,3489,1,314,3
1628237703872062,108.423,118.040,2685,1,314,0
1628237703872326,107.498,117.136,2834,1,314,0
1628237703872580,106.232,116.232,0,0,314,0
1628237703872841,105.328,115.328,0,0,314,0
1628237703873091,104.422,114.422,0,0,314,0
1628237703873347,103.516,113.516,0,0,314,0
1628237703873606,102.609,112.609,0,0,314,0
1628237703873855,101.703,111.703,0,0,314,0
1628237703874102,100.797,110.797,0,0,314,0
1628237703874356,99.891,109.891,0,0,314,0
1628237703874613,98.984,108.984,0,0,314,0
1628237703874888,98.078,108.078,0,0,314,0
1628237703875153,97.172,107.172,0,0,314,0
1628237703875416,96.268,106.268,0,0,314,0
1628237703875674,95.364,105.364,0,0,314,0
1628237703875937,94.460,104.460,0,0,314,0
1628237703876191,93.556,103.556,0,0,314,0
1628237703876441,93.448,100.844,394,1,314,41
1628237703876701,92.652,102.652,0,0,314,0
1628237703876961,92.479,99.875,394,1,314,42
1628237703877230,91.748,101.748,0,0,314,0
1628237703877472,91.566,98.969,395,1,314,44
1628237703877776,90.654,98.063,396,1,314,44
1628237703878032,89.747,97.156,396,1,314,44
1628237703878287,88.848,96.250,395,1,314,43
1628237703878529,87.935,95.344,396,1,314,44
1628237703878813,87.029,94.438,396,1,314,44
1628237703879068,86.129,93.531,395,1,314,43
1628237703879372,85.223,92.625,395,1,314,41
1628237703879619,84.319,91.721,395,1,314,41
1628237703879881,80.817,90.817,0,0,314,0
1628237703880165,79.913,89.913,0,0,314,0
1628237703880419,79.009,89.009,0,0,314,0
1628237703880666,78.105,88.105,0,0,314,0
1628237703880925,77.201,87.201,0,0,314,0
1628237703881186,76.297,86.297,0,0,314,0
1628237703881458,75.391,85.391,0,0,314,0
1628237703881697,74.484,84.484,0,0,314,0
1628237703881944,73.578,83.578,0,0,314,0
1628237703882184,72.672,82.672,0,0,314,0
1628237703882379,72.133,80.859,806,1,314,20
1628237703882621,71.766,81.766,0,0,314,0
1628237703882859,71.233,79.953,802,1,314,18
1628237703883088,70.330,79.047,800,1,314,19
1628237703883336,69.443,78.156,798,1,314,17
1628237703883573,68.513,77.230,800,1,314,10
1628237703883813,67.569,76.304,811,1,314,13
1628237703887001,66.640,75.377,813,1,314,18
1628237703887200,65.707,74.451,817,1,314,18
1628237704041193,114.458,124.458,0,0,314,0
1628237704041596,113.547,123.547,0,0,314,0
1628237704042823,112.641,122.641,0,0,314,0
1628237704043091,111.732,121.732,0,0,314,0
1628237704043348,110.824,120.824,0,0,314,0
1628237704043652,110.209,119.915,3491,1,314,2
1628237704043920,109.301,119.007,3488,1,314,3
1628237704044310,108.481,118.098,2685,1,314,0
1628237704044572,107.552,117.190,2835,1,314,0
1628237704044868,106.281,116.281,0,0,314,0
1628237704045132,105.375,115.375,0,0,314,0
1628237704045389,104.469,114.469,0,0,314,0
1628237704045646,103.563,113.563,0,0,314,0
1628237704045980,102.656,112.656,0,0,314,0
1628237704046190,101.750,111.750,0,0,314,0
1628237704046430,100.844,110.844,0,0,314,0
1628237704046689,99.938,109.938,0,0,314,0
1628237704046947,99.031,109.031,0,0,314,0
1628237704047200,98.125,108.125,0,0,314,0
1628237704047528,97.217,107.217,0,0,314,0
1628237704047786,96.308,106.308,0,0,314,0
1628237704048044,95.400,105.400,0,0,314,0
1628237704048297,94.491,104.491,0,0,314,0
1628237704048557,93.583,103.583,0,0,314,0
1628237704048824,93.464,100.859,394,1,314,41
1628237704049082,92.674,102.674,0,0,314,0
1628237704049340,92.537,99.933,394,1,314,42
1628237704049589,91.766,101.766,0,0,314,0
1628237704049847,91.604,99.007,395,1,314,44
1628237704050105,90.671,98.080,396,1,314,44
1628237704050363,89.745,97.154,396,1,314,43
1628237704050617,88.825,96.228,395,1,314,42
1628237704050868,87.892,95.301,396,1,314,44
1628237704051165,86.966,94.375,396,1,314,44
1628237704051418,86.082,93.484,395,1,314,43
1628237704051667,85.178,92.580,395,1,314,41
1628237704051937,84.274,91.676,395,1,314,41
1628237704052214,80.772,90.772,0,0,314,0
1628237704052462,79.868,89.868,0,0,314,0
1628237704052693,78.964,88.964,0,0,314,0
1628237704052936,78.060,88.060,0,0,314,0
1628237704053180,77.156,87.156,0,0,314,0
1628237704053425,76.250,86.250,0,0,314,0
1628237704053655,75.346,85.346,0,0,314,0
1628237704053900,74.442,84.442,0,0,314,0
1628237704054144,73.538,83.538,0,0,314,0
1628237704054384,72.634,82.634,0,0,314,0
1628237704054612,72.002,80.826,873,1,314,2
1628237704054874,71.730,81.730,0,0,314,0
1628237704055129,71.177,79.922,818,1,314,15
1628237704055334,70.285,79.016,809,1,314,18
1628237704055547,69.376,78.092,799,1,314,17
1628237704055758,68.464,77.167,792,1,314,19
1628237704059832,67.549,76.243,786,1,314,18
1628237704060043,66.629,75.319,784,1,314,15
1628237704060259,65.699,74.395,787,1,314,19
1628237704228903,114.496,124.496,0,0,313,0
1628237704229282,113.578,123.578,0,0,313,0
1628237704230661,112.672,122.672,0,0,313,0
1628237704231017,111.772,121.772,0,0,313,0
1628237704231563,110.873,120.873,0,0,313,0
1628237704231845,110.266,119.973,3502,1,313,3
1628237704232047,109.367,119.074,3502,1,313,3
1628237704232474,108.560,118.174,2663,1,313,2
1628237704232650,107.639,117.275,2816,1,313,0
1628237704233248,106.375,116.375,0,0,313,0
1628237704233397,105.469,115.469,0,0,313,0
1628237704233543,104.569,114.569,0,0,313,0
1628237704233665,103.670,113.670,0,0,313,0
1628237704233753,102.770,112.770,0,0,313,0
1628237704233842,101.871,111.871,0,0,313,0
1628237704233938,100.971,110.971,0,0,313,0
1628237704234156,100.071,110.071,0,0,313,0
1628237704234279,99.172,109.172,0,0,313,0
1628237704234496,98.266,108.266,0,0,313,0
1628237704234639,97.366,107.366,0,0,313,0
1628237704234848,96.467,106.467,0,0,313,0
1628237704234990,95.567,105.567,0,0,313,0
1628237704235152,94.667,104.667,0,0,313,0
1628237704235285,93.768,103.768,0,0,313,0
1628237704235429,93.660,101.063,395,1,313,41
1628237704235566,92.868,102.868,0,0,313,0
1628237704235699,92.749,100.152,395,1,313,41
1628237704235767,91.969,101.969,0,0,313,0
1628237704236099,91.839,99.241,395,1,313,43
1628237704236228,90.928,98.330,395,1,313,44
1628237704236335,90.017,97.420,395,1,313,42
1628237704236442,89.100,96.509,396,1,313,44
1628237704236539,88.189,95.598,396,1,313,43
1628237704236674,87.279,94.688,396,1,313,43
1628237704236810,86.388,93.797,396,1,313,43
1628237704236994,85.495,92.897,395,1,313,43
1628237704237825,84.595,91.998,395,1,313,43
1628237704237989,83.722,91.098,391,1,313,34
1628237704238030,80.199,90.199,0,0,313,0
1628237704238060,79.299,89.299,0,0,313,0
1628237704238089,78.400,88.400,0,0,313,0
1628237704238118,77.500,87.500,0,0,313,0
1628237704238147,76.609,86.609,0,0,313,0
1628237704238176,75.710,85.710,0,0,313,0
1628237704238204,74.810,84.810,0,0,313,0
1628237704238233,73.911,83.911,0,0,313,0
1628237704238261,73.011,83.011,0,0,313,0
1628237704238290,72.112,82.112,0,0,313,0
1628237704238320,71.212,81.212,0,0,313,0
1628237704238349,70.313,80.313,0,0,313,0
1628237704238378,69.406,79.406,0,0,313,0
1628237704238406,68.491,78.491,0,0,313,0
1628237704238435,67.576,77.576,0,0,313,0
1628237704238464,66.661,76.661,0,0,313,0
1628237704238592,66.109,74.830,803,1,313,7
1628237704238680,65.746,75.746,0,0,313,0
1628237704238753,65.238,73.915,776,1,313,20
1628237704445858,114.237,124.237,0,0,313,0
1628237704446232,113.337,123.337,0,0,313,0
1628237704447521,112.438,122.438,0,0,313,0
1628237704447781,111.531,121.531,0,0,313,0
1628237704448035,110.629,120.629,0,0,313,0
1628237704448296,110.021,119.728,3505,1,313,3
1628237704448555,109.121,118.826,3485,1,313,3
1628237704448810,107.924,117.924,0,0,313,0
1628237704449064,107.379,117.022,2876,1,313,0
1628237704449326,106.420,116.121,3430,1,313,1
1628237704449579,105.219,115.219,0,0,313,0
1628237704449844,104.328,114.328,0,0,313,0
1628237704450096,103.426,113.426,0,0,313,0
1628237704450349,102.525,112.525,0,0,313,0
1628237704450604,101.623,111.623,0,0,313,0
1628237704450859,100.721,110.721,0,0,313,0
1628237704451110,99.819,109.819,0,0,313,0
1628237704451369,98.917,108.917,0,0,313,0
1628237704451633,98.016,108.016,0,0,313,0
1628237704451880,97.109,107.109,0,0,313,0
1628237704452123,96.208,106.208,0,0,313,0
1628237704452376,95.306,105.306,0,0,313,0
1628237704452638,94.404,104.404,0,0,313,0
1628237704452890,93.502,103.502,0,0,313,0
1628237704453136,93.401,100.797,394,1,313,41
1628237704453400,92.600,102.600,0,0,313,0
1628237704453653,92.354,99.750,394,1,313,42
1628237704453934,91.699,101.699,0,0,313,0
1628237704454195,91.450,98.853,395,1,313,44
1628237704454399,90.546,97.955,396,1,313,44
1628237704454619,89.649,97.058,396,1,313,43
1628237704454875,88.758,96.161,395,1,313,43
1628237704455140,87.854,95.263,396,1,313,44
1628237704455408,86.957,94.366,396,1,313,44
1628237704455686,86.066,93.469,395,1,313,42
1628237704455943,85.169,92.578,396,1,313,42
1628237704456194,84.278,91.681,395,1,313,41
1628237704456416,80.783,90.783,0,0,313,0
1628237704456645,79.886,89.886,0,0,313,0
1628237704456906,78.989,88.989,0,0,313,0
1628237704457170,78.092,88.092,0,0,313,0
1628237704457456,77.194,87.194,0,0,313,0
1628237704457765,76.297,86.297,0,0,313,0
1628237704458007,75.406,85.406,0,0,313,0
1628237704458237,74.509,84.509,0,0,313,0
1628237704458481,73.612,83.612,0,0,313,0
1628237704458736,72.714,82.714,0,0,313,0
1628237704458980,71.817,81.817,0,0,313,0
1628237704459217,70.920,80.920,0,0,313,0
1628237704459411,70.022,80.022,0,0,313,0
1628237704459619,69.125,79.125,0,0,313,0
1628237704459855,68.219,78.219,0,0,313,0
1628237704460094,67.306,77.306,0,0,313,0
1628237704460340,66.393,76.393,0,0,313,0
1628237704464469,65.480,75.480,0,0,313,0
1628237704630171,114.672,124.672,0,0,312,0
1628237704630526,113.750,123.750,0,0,312,0
1628237704631648,112.828,122.828,0,0,312,0
1628237704631920,111.906,121.906,0,0,312,0
1628237704632159,110.984,120.984,0,0,312,0
1628237704632396,110.355,120.063,3508,1,312,4
1628237704632656,109.465,119.172,3503,1,312,3
1628237704632893,108.658,118.272,2662,1,312,2
1628237704633134,107.742,117.373,2783,1,312,0
1628237704633371,106.473,116.473,0,0,312,0
1628237704633603,105.574,115.574,0,0,312,0
1628237704633874,104.674,114.674,0,0,312,0
1628237704634116,103.775,113.775,0,0,312,0
1628237704634372,102.875,112.875,0,0,312,0
1628237704634604,101.984,111.984,0,0,312,0
1628237704634854,101.087,111.087,0,0,312,0
1628237704635099,100.190,110.190,0,0,312,0
1628237704635343,99.292,109.292,0,0,312,0
1628237704635574,98.395,108.395,0,0,312,0
1628237704635824,97.498,107.498,0,0,312,0
1628237704636068,96.600,106.600,0,0,312,0
1628237704636316,95.703,105.703,0,0,312,0
1628237704636547,94.797,104.797,0,0,312,0
1628237704636800,93.888,103.888,0,0,312,0
1628237704637048,93.761,101.163,395,1,312,33
1628237704637295,92.980,102.980,0,0,312,0
1628237704637530,92.852,100.254,395,1,312,41
1628237704637772,92.071,102.071,0,0,312,0
1628237704638008,91.950,99.346,394,1,312,42
1628237704638255,91.035,98.438,395,1,312,44
1628237704638499,90.144,97.547,395,1,312,44
1628237704638738,89.245,96.647,395,1,312,44
1628237704638969,88.339,95.748,396,1,312,43
1628237704639208,87.439,94.848,396,1,312,43
1628237704639487,86.540,93.949,396,1,312,44
1628237704639710,85.647,93.049,395,1,312,43
1628237704639945,84.747,92.150,395,1,312,43
1628237704640178,83.854,91.250,394,1,312,40
1628237704640407,80.359,90.359,0,0,312,0
1628237704640627,79.460,89.460,0,0,312,0
1628237704640845,78.560,88.560,0,0,312,0
1628237704641065,77.661,87.661,0,0,312,0
1628237704641289,76.761,86.761,0,0,312,0
1628237704641513,75.862,85.862,0,0,312,0
1628237704641747,74.962,84.962,0,0,312,0
1628237704641967,74.063,84.063,0,0,312,0
1628237704642192,73.172,83.172,0,0,312,0
1628237704642409,72.275,82.275,0,0,312,0
1628237704642649,71.377,81.377,0,0,312,0
1628237704642891,70.480,80.480,0,0,312,0
1628237704643095,69.583,79.583,0,0,312,0
1628237704643290,68.685,78.685,0,0,312,0
1628237704643484,67.788,77.788,0,0,312,0
1628237704643645,66.891,76.891,0,0,312,0
1628237704643929,65.813,75.813,0,0,312,0
1628237704831218,114.933,124.933,0,0,311,0
1628237704831587,114.022,124.022,0,0,311,0
1628237704832762,113.112,123.112,0,0,311,0
1628237704833021,112.201,122.201,0,0,311,0
1628237704833277,111.290,121.290,0,0,311,0
1628237704833545,110.672,120.379,3511,1,311,3
1628237704833866,109.762,119.469,3501,1,311,3
1628237704834132,108.858,118.563,3471,1,311,1
1628237704834403,107.658,117.658,0,0,311,0
1628237704834650,107.101,116.754,2966,1,311,0
1628237704834914,106.150,115.850,3426,1,311,1
1628237704835177,104.946,114.946,0,0,311,0
1628237704835427,104.042,114.042,0,0,311,0
1628237704835684,103.138,113.138,0,0,311,0
1628237704835930,102.234,112.234,0,0,311,0
1628237704836192,101.344,111.344,0,0,311,0
1628237704836447,100.438,110.438,0,0,311,0
1628237704836707,99.531,109.531,0,0,311,0
1628237704836952,98.625,108.625,0,0,311,0
1628237704837216,97.719,107.719,0,0,311,0
1628237704837527,96.813,106.813,0,0,311,0
1628237704837772,95.906,105.906,0,0,311,0
1628237704838051,95.000,105.000,0,0,311,0
1628237704838305,94.109,104.109,0,0,311,0
1628237704838587,93.915,101.337,398,1,311,7
1628237704838859,93.185,103.185,0,0,311,0
1628237704839094,93.011,100.413,395,1,311,41
1628237704839345,92.261,102.261,0,0,311,0
1628237704839580,92.086,99.489,395,1,311,41
1628237704839814,91.162,98.565,395,1,311,44
1628237704840054,90.232,97.641,396,1,311,44
1628237704840296,89.325,96.734,396,1,311,44
1628237704840528,88.424,95.833,396,1,311,42
1628237704840768,87.522,94.931,396,1,311,43
1628237704840998,86.620,94.029,396,1,311,44
1628237704841285,85.725,93.127,395,1,311,44
1628237704841521,84.823,92.225,395,1,311,43
1628237704841772,83.921,91.324,395,1,311,42
1628237704842013,80.422,90.422,0,0,311,0
1628237704842259,79.531,89.531,0,0,311,0
1628237704842491,78.629,88.629,0,0,311,0
1628237704842739,77.728,87.728,0,0,311,0
1628237704842976,76.826,86.826,0,0,311,0
1628237704843229,75.924,85.924,0,0,311,0
1628237704843459,75.022,85.022,0,0,311,0
1628237704843704,74.121,84.121,0,0,311,0
1628237704843931,73.219,83.219,0,0,311,0
1628237704844273,72.313,82.313,0,0,311,0
1628237704844514,71.386,81.386,0,0,311,0
1628237704844801,70.460,80.460,0,0,311,0
1628237704845041,69.533,79.533,0,0,311,0
1628237704845309,68.607,78.607,0,0,311,0
1628237704845542,67.681,77.681,0,0,311,0
1628237704845738,66.754,76.754,0,0,311,0
1628237704848314,65.828,75.828,0,0,311,0
1628237705002893,114.703,124.703,0,0,311,0
1628237705003316,113.781,123.781,0,0,311,0
1628237705004617,112.859,122.859,0,0,311,0
1628237705004869,111.938,121.938,0,0,311,0
1628237705005127,111.016,121.016,0,0,311,0
1628237705005372,110.387,120.094,3505,1,311,3
1628237705005629,109.464,119.172,3509,1,311,3
1628237705005876,108.651,118.266,2665,1,311,2
1628237705006121,107.731,117.364,2796,1,311,0
1628237705006370,106.462,116.462,0,0,311,0
1628237705006639,105.560,115.560,0,0,311,0
1628237705006886,104.658,114.658,0,0,311,0
1628237705007152,103.757,113.757,0,0,311,0
1628237705007404,102.855,112.855,0,0,311,0
1628237705007706,101.953,111.953,0,0,311,0
1628237705007940,101.063,111.063,0,0,311,0
1628237705008188,100.161,110.161,0,0,311,0
1628237705008413,99.259,109.259,0,0,311,0
1628237705008668,98.357,108.357,0,0,311,0
1628237705008888,97.455,107.455,0,0,311,0
1628237705009018,96.554,106.554,0,0,311,0
1628237705009171,95.652,105.652,0,0,311,0
1628237705009300,94.750,104.750,0,0,311,0
1628237705009430,93.844,103.844,0,0,311,0
1628237705009577,93.702,101.105,395,1,311,38
1628237705009842,92.931,102.931,0,0,311,0
1628237705010086,92.790,100.192,395,1,311,41
1628237705010343,92.018,102.018,0,0,311,0
1628237705010629,91.883,99.279,394,1,311,42
1628237705010941,90.964,98.366,395,1,311,43
1628237705011186,90.051,97.453,395,1,311,43
1628237705011426,89.154,96.563,396,1,311,44
1628237705011682,88.252,95.661,396,1,311,43
1628237705011922,87.350,94.759,396,1,311,43
1628237705012171,86.455,93.857,395,1,311,43
1628237705012423,85.553,92.955,395,1,311,43
1628237705012770,84.651,92.054,395,1,311,43
1628237705013014,83.769,91.152,392,1,311,38
1628237705013259,80.250,90.250,0,0,311,0
1628237705013521,79.359,89.359,0,0,311,0
1628237705013779,78.460,88.460,0,0,311,0
1628237705013990,77.560,87.560,0,0,311,0
1628237705014203,76.661,86.661,0,0,311,0
1628237705014408,75.761,85.761,0,0,311,0
1628237705014627,74.862,84.862,0,0,311,0
1628237705014832,73.962,83.962,0,0,311,0
1628237705014941,73.063,83.063,0,0,311,0
1628237705015011,72.156,82.156,0,0,311,0
1628237705015081,71.241,81.241,0,0,311,0
1628237705015152,70.326,80.326,0,0,311,0
1628237705015179,69.411,79.411,0,0,311,0
1628237705015205,68.496,78.496,0,0,311,0
1628237705015232,67.580,77.580,0,0,311,0
1628237705015258,66.665,76.665,0,0,311,0
1628237705015284,65.750,75.750,0,0,311,0
1628237705203808,114.766,124.766,0,0,311,0
1628237705204167,113.862,123.862,0,0,311,0
1628237705205297,112.958,122.958,0,0,311,0
1628237705205552,112.054,122.054,0,0,311,0
1628237705205774,111.150,121.150,0,0,311,0
1628237705206036,110.537,120.246,3517,1,311,4
1628237705206310,109.636,119.342,3487,1,311,2
1628237705206568,108.823,118.438,2661,1,311,1
1628237705206818,107.531,117.531,0,0,311,0
1628237705207076,106.629,116.629,0,0,311,0
1628237705207334,105.728,115.728,0,0,311,0
1628237705207596,104.826,114.826,0,0,311,0
1628237705207842,103.924,113.924,0,0,311,0
1628237705208095,103.022,113.022,0,0,311,0
1628237705208359,102.121,112.121,0,0,311,0
1628237705208628,101.219,111.219,0,0,311,0
1628237705208873,100.313,110.313,0,0,311,0
1628237705209129,99.411,109.411,0,0,311,0
1628237705209394,98.509,108.509,0,0,311,0
1628237705209605,97.607,107.607,0,0,311,0
1628237705209862,96.705,106.705,0,0,311,0
1628237705210121,95.804,105.804,0,0,311,0
1628237705210339,94.902,104.902,0,0,311,0
1628237705210604,94.000,104.000,0,0,311,0
1628237705210930,93.837,101.246,396,1,311,21
1628237705211181,93.094,103.094,0,0,311,0
1628237705211451,92.926,100.321,394,1,311,41
1628237705211720,92.170,102.170,0,0,311,0
1628237705211975,91.995,99.397,395,1,311,41
1628237705212242,91.071,98.473,395,1,311,43
1628237705212509,90.140,97.549,396,1,311,44
1628237705212813,89.223,96.625,395,1,311,44
1628237705213063,88.325,95.734,396,1,311,43
1628237705213324,87.426,94.835,396,1,311,43
1628237705213602,86.526,93.935,396,1,311,43
1628237705213853,85.633,93.036,395,1,311,44
1628237705214118,84.734,92.136,395,1,311,43
1628237705214378,83.834,91.237,395,1,311,41
1628237705214638,80.337,90.337,0,0,311,0
1628237705214899,79.438,89.438,0,0,311,0
1628237705215155,78.547,88.547,0,0,311,0
1628237705215412,77.647,87.647,0,0,311,0
1628237705215669,76.748,86.748,0,0,311,0
1628237705215948,75.848,85.848,0,0,311,0
1628237705216193,74.949,84.949,0,0,311,0
1628237705216437,74.049,84.049,0,0,311,0
1628237705216683,73.150,83.150,0,0,311,0
1628237705216912,72.250,82.250,0,0,311,0
1628237705217154,71.359,81.359,0,0,311,0
1628237705217413,70.438,80.438,0,0,311,0
1628237705217691,69.516,79.516,0,0,311,0
1628237705217920,68.594,78.594,0,0,311,0
1628237705218159,67.672,77.672,0,0,311,0
1628237705218402,66.750,76.750,0,0,311,0
1628237705223527,65.828,75.828,0,0,311,0
1628237705390702,114.984,124.984,0,0,312,0
1628237705391353,113.938,123.938,0,0,312,0
1628237705394680,113.038,123.038,0,0,312,0
1628237705394953,112.138,122.138,0,0,312,0
1628237705395203,111.239,121.239,0,0,312,0
1628237705395467,110.632,120.339,3513,1,312,3
1628237705395745,109.733,119.440,3499,1,312,3
1628237705395973,108.836,118.540,3472,1,312,2
1628237705396292,107.641,117.641,0,0,312,0
1628237705396552,107.100,116.750,2932,1,312,0
1628237705396827,106.148,115.848,3430,1,312,2
1628237705397091,104.946,114.946,0,0,312,0
1628237705397420,104.045,114.045,0,0,312,0
1628237705397543,103.143,113.143,0,0,312,0
1628237705397684,102.241,112.241,0,0,312,0
1628237705397814,101.339,111.339,0,0,312,0
1628237705397943,100.438,110.438,0,0,312,0
1628237705398072,99.547,109.547,0,0,312,0
1628237705398173,98.647,108.647,0,0,312,0
1628237705398267,97.748,107.748,0,0,312,0
1628237705398361,96.848,106.848,0,0,312,0
1628237705398460,95.949,105.949,0,0,312,0
1628237705398574,95.049,105.049,0,0,312,0
1628237705398674,94.150,104.150,0,0,312,0
1628237705398768,94.024,101.433,396,1,312,4
1628237705398867,93.250,103.250,0,0,312,0
1628237705398964,93.126,100.522,394,1,312,41
1628237705399002,92.344,102.344,0,0,312,0
1628237705399030,92.209,99.612,395,1,312,41
1628237705399058,91.298,98.701,395,1,312,43
1628237705399085,90.381,97.790,396,1,312,44
1628237705399112,89.470,96.879,396,1,312,44
1628237705399139,88.560,95.969,396,1,312,43
1628237705399165,87.669,95.078,396,1,312,43
1628237705399192,86.767,94.176,396,1,312,43
1628237705399219,85.872,93.275,395,1,312,44
1628237705399245,84.970,92.373,395,1,312,44
1628237705399272,84.075,91.471,394,1,312,41
1628237705399298,80.569,90.569,0,0,312,0
1628237705399325,79.667,89.667,0,0,312,0
1628237705399352,78.766,88.766,0,0,312,0
1628237705399378,77.875,87.875,0,0,312,0
1628237705399405,76.975,86.975,0,0,312,0
1628237705399432,76.076,86.076,0,0,312,0
1628237705399459,75.176,85.176,0,0,312,0
1628237705399485,74.277,84.277,0,0,312,0
1628237705399512,73.377,83.377,0,0,312,0
1628237705399538,72.478,82.478,0,0,312,0
1628237705399564,71.578,81.578,0,0,312,0
1628237705399591,70.672,80.672,0,0,312,0
1628237705399617,69.754,79.754,0,0,312,0
1628237705399644,68.837,78.837,0,0,312,0
1628237705399670,67.920,77.920,0,0,312,0
1628237705399696,67.002,77.002,0,0,312,0
1628237705399722,66.085,76.085,0,0,312,0
1628237705399749,65.167,75.167,0,0,312,0
1628237705578025,114.866,124.866,0,0,312,0
1628237705578379,113.953,123.953,0,0,312,0
1628237705579526,113.063,123.063,0,0,312,0
1628237705579781,112.161,122.161,0,0,312,0
1628237705580052,111.259,121.259,0,0,312,0
1628237705580331,110.649,120.357,3516,1,312,3
1628237705580581,109.749,119.455,3497,1,312,3
1628237705580842,108.849,118.554,3470,1,312,1
1628237705581101,107.652,117.652,0,0,312,0
1628237705581365,107.098,116.750,2954,1,312,0
1628237705581677,106.159,115.859,3432,1,312,1
1628237705581937,104.958,114.958,0,0,312,0
1628237705582195,104.056,114.056,0,0,312,0
1628237705582443,103.154,113.154,0,0,312,0
1628237705582704,102.252,112.252,0,0,312,0
1628237705582963,101.350,111.350,0,0,312,0
1628237705583213,100.449,110.449,0,0,312,0
1628237705583473,99.547,109.547,0,0,312,0
1628237705583733,98.656,108.656,0,0,312,0
1628237705583995,97.757,107.757,0,0,312,0
1628237705584250,96.857,106.857,0,0,312,0
1628237705584500,95.958,105.958,0,0,312,0
1628237705584762,95.058,105.058,0,0,312,0
1628237705585017,94.158,104.158,0,0,312,0
1628237705585278,94.038,101.453,397,1,312,3
1628237705585553,93.259,103.259,0,0,312,0
1628237705585848,93.140,100.536,394,1,312,41
1628237705586090,92.359,102.359,0,0,312,0
1628237705586323,92.216,99.618,395,1,312,41
1628237705586564,91.298,98.701,395,1,312,42
1628237705586838,90.374,97.783,396,1,312,44
1628237705587084,89.457,96.866,396,1,312,44
1628237705587315,88.540,95.949,396,1,312,42
1628237705587565,87.622,95.031,396,1,312,44
1628237705587832,86.732,94.141,396,1,312,43
1628237705588071,85.841,93.243,395,1,312,44
1628237705588299,84.944,92.346,395,1,312,43
1628237705588546,84.046,91.449,395,1,312,42
1628237705588831,80.551,90.551,0,0,312,0
1628237705589053,79.654,89.654,0,0,312,0
1628237705589295,78.757,88.757,0,0,312,0
1628237705589509,77.859,87.859,0,0,312,0
1628237705589715,76.969,86.969,0,0,312,0
1628237705589933,76.071,86.071,0,0,312,0
1628237705590189,75.174,85.174,0,0,312,0
1628237705590392,74.277,84.277,0,0,312,0
1628237705590601,73.379,83.379,0,0,312,0
1628237705590812,72.482,82.482,0,0,312,0
1628237705591044,71.585,81.585,0,0,312,0
1628237705591262,70.688,80.688,0,0,312,0
1628237705591465,69.781,79.781,0,0,312,0
1628237705591673,68.866,78.866,0,0,312,0
1628237705591912,67.951,77.951,0,0,312,0
1628237705592051,67.036,77.036,0,0,312,0
1628237705596371,66.121,76.121,0,0,312,0
1628237705596536,65.205,75.205,0,0,312,0
1628237705764481,114.321,124.321,0,0,312,0
1628237705764782,113.406,123.406,0,0,312,0
1628237705765700,112.500,122.500,0,0,312,0
1628237705765922,111.596,121.596,0,0,312,0
1628237705766122,110.692,120.692,0,0,312,0
1628237705766318,110.082,119.788,3492,1,312,2
1628237705766542,109.177,118.884,3499,1,312,3
1628237705766749,107.980,117.980,0,0,312,0
1628237705766945,107.436,117.076,2850,1,312,0
1628237705767148,106.172,116.172,0,0,312,0
1628237705767356,105.281,115.281,0,0,312,0
1628237705767519,104.377,114.377,0,0,312,0
1628237705767692,103.473,113.473,0,0,312,0
1628237705767864,102.569,112.569,0,0,312,0
1628237705768025,101.665,111.665,0,0,312,0
1628237705768203,100.761,110.761,0,0,312,0
1628237705768373,99.857,109.857,0,0,312,0
1628237705768530,98.953,108.953,0,0,312,0
1628237705768681,98.047,108.047,0,0,312,0
1628237705768840,97.145,107.145,0,0,312,0
1628237705768997,96.243,106.243,0,0,312,0
1628237705769146,95.342,105.342,0,0,312,0
1628237705769297,94.440,104.440,0,0,312,0
1628237705769456,93.538,103.538,0,0,312,0
1628237705769581,93.426,100.828,395,1,312,41
1628237705769705,92.636,102.636,0,0,312,0
1628237705769908,92.515,99.911,394,1,312,43
1628237705770022,91.734,101.734,0,0,312,0
1628237705770133,91.591,98.993,395,1,312,44
1628237705770217,90.667,98.076,396,1,312,44
1628237705770251,89.749,97.158,396,1,312,44
1628237705770278,88.839,96.241,395,1,312,43
1628237705770305,87.915,95.324,396,1,312,44
1628237705770331,86.997,94.406,396,1,312,44
1628237705770358,86.098,93.500,395,1,312,43
1628237705770385,85.198,92.600,395,1,312,41
1628237705770412,84.298,91.701,395,1,312,41
1628237705770439,80.801,90.801,0,0,312,0
1628237705770465,79.902,89.902,0,0,312,0
1628237705770491,79.002,89.002,0,0,312,0
1628237705770518,78.103,88.103,0,0,312,0
1628237705770544,77.203,87.203,0,0,312,0
1628237705770570,76.297,86.297,0,0,312,0
1628237705770597,75.395,85.395,0,0,312,0
1628237705770623,74.493,84.493,0,0,312,0
1628237705770649,73.592,83.592,0,0,312,0
1628237705770675,72.690,82.690,0,0,312,0
1628237705770702,71.788,81.788,0,0,312,0
1628237705770728,70.886,80.886,0,0,312,0
1628237705770755,69.984,79.984,0,0,312,0
1628237705770781,69.094,79.094,0,0,312,0
1628237705770807,68.179,78.179,0,0,312,0
1628237705770834,67.263,77.263,0,0,312,0
1628237705770860,66.348,76.348,0,0,312,0
1628237705770887,65.433,75.433,0,0,312,0
1628237705968392,114.217,124.217,0,0,312,0
1628237705968759,113.304,123.304,0,0,312,0
1628237705969916,112.391,122.391,0,0,312,0
1628237705970179,111.484,121.484,0,0,312,0
1628237705970443,110.585,120.585,0,0,312,0
1628237705970703,109.978,119.685,3506,1,312,3
1628237705970963,109.080,118.786,3486,1,312,3
1628237705971222,107.886,117.886,0,0,312,0
1628237705971473,107.345,116.987,2866,1,312,0
1628237705971732,106.386,116.087,3438,1,312,1
1628237705971992,105.188,115.188,0,0,312,0
1628237705972253,104.281,114.281,0,0,312,0
1628237705972525,103.379,113.379,0,0,312,0
1628237705972781,102.478,112.478,0,0,312,0
1628237705973035,101.576,111.576,0,0,312,0
1628237705973285,100.674,110.674,0,0,312,0
1628237705973545,99.772,109.772,0,0,312,0
1628237705973802,98.871,108.871,0,0,312,0
1628237705974061,97.969,107.969,0,0,312,0
1628237705974310,97.078,107.078,0,0,312,0
1628237705974563,96.176,106.176,0,0,312,0
1628237705974820,95.275,105.275,0,0,312,0
1628237705975078,94.373,104.373,0,0,312,0
1628237705975327,93.471,103.471,0,0,312,0
1628237705975580,93.370,100.766,394,1,312,41
1628237705975841,92.569,102.569,0,0,312,0
1628237705976092,92.370,99.766,394,1,312,43
1628237705976347,91.667,101.667,0,0,312,0
1628237705976592,91.464,98.866,395,1,312,44
1628237705976847,90.558,97.967,396,1,312,44
1628237705977104,89.658,97.067,396,1,312,44
1628237705977360,88.765,96.167,395,1,312,41
1628237705977629,87.859,95.268,396,1,312,44
1628237705977911,86.959,94.368,396,1,312,44
1628237705978203,86.066,93.469,395,1,312,43
1628237705978477,85.160,92.563,395,1,312,41
1628237705978727,84.261,91.663,395,1,312,42
1628237705978983,80.763,90.763,0,0,312,0
1628237705979215,79.864,89.864,0,0,312,0
1628237705979484,78.964,88.964,0,0,312,0
1628237705979747,78.065,88.065,0,0,312,0
1628237705979996,77.165,87.165,0,0,312,0
1628237705980256,76.266,86.266,0,0,312,0
1628237705980519,75.375,85.375,0,0,312,0
1628237705980808,74.473,84.473,0,0,312,0
1628237705981057,73.571,83.571,0,0,312,0
1628237705981298,72.670,82.670,0,0,312,0
1628237705981541,71.768,81.768,0,0,312,0
1628237705981818,70.866,80.866,0,0,312,0
1628237705982072,69.964,79.964,0,0,312,0
1628237705982493,69.063,79.063,0,0,312,0
1628237705987400,68.172,78.172,0,0,312,0
1628237705987602,67.248,77.248,0,0,312,0
1628237705987793,66.324,76.324,0,0,312,0
1628237705987970,65.400,75.400,0,0,312,0
1628237706154406,114.971,124.971,0,0,312,0
1628237706154758,114.060,124.060,0,0,312,0
1628237706155901,113.150,123.150,0,0,312,0
1628237706156161,112.239,122.239,0,0,312,0
1628237706156413,111.328,121.328,0,0,312,0
1628237706156678,110.714,120.422,3517,1,312,2
1628237706157014,109.816,119.522,3500,1,312,3
1628237706157266,108.918,118.623,3475,1,312,2
1628237706157522,107.723,117.723,0,0,312,0
1628237706157776,107.176,116.824,2915,1,312,0
1628237706158034,106.224,115.924,3427,1,312,2
1628237706158291,105.025,115.025,0,0,312,0
1628237706158550,104.125,114.125,0,0,312,0
1628237706158807,103.219,113.219,0,0,312,0
1628237706159066,102.319,112.319,0,0,312,0
1628237706159325,101.420,111.420,0,0,312,0
1628237706159506,100.520,110.520,0,0,312,0
1628237706159764,99.621,109.621,0,0,312,0
1628237706160021,98.721,108.721,0,0,312,0
1628237706160325,97.821,107.821,0,0,312,0
1628237706160580,96.922,106.922,0,0,312,0
1628237706160937,96.016,106.016,0,0,312,0
1628237706161198,95.103,105.103,0,0,312,0
1628237706161483,94.190,104.190,0,0,312,0
1628237706161756,93.277,103.277,0,0,312,0
1628237706162017,93.142,100.538,394,1,312,41
1628237706162277,92.364,102.364,0,0,312,0
1628237706162631,92.223,99.625,395,1,312,41
1628237706162912,91.451,101.451,0,0,312,0
1628237706163175,91.316,98.719,395,1,312,43
1628237706163422,90.412,97.821,396,1,312,44
1628237706163673,89.515,96.924,396,1,312,44
1628237706163933,88.618,96.027,396,1,312,43
1628237706164185,87.720,95.129,396,1,312,44
1628237706164430,86.823,94.232,396,1,312,44
1628237706164728,85.926,93.335,396,1,312,44
1628237706165003,85.029,92.438,396,1,312,44
1628237706165270,84.129,91.531,395,1,312,42
1628237706165527,80.634,90.634,0,0,312,0
1628237706165785,79.737,89.737,0,0,312,0
1628237706166042,78.839,88.839,0,0,312,0
1628237706166304,77.942,87.942,0,0,312,0
1628237706166570,77.045,87.045,0,0,312,0
1628237706166817,76.147,86.147,0,0,312,0
1628237706167075,75.250,85.250,0,0,312,0
1628237706167309,74.359,84.359,0,0,312,0
1628237706167525,73.460,83.460,0,0,312,0
1628237706167751,72.560,82.560,0,0,312,0
1628237706167974,71.661,81.661,0,0,312,0
1628237706172257,70.761,80.761,0,0,312,0
1628237706172481,69.862,79.862,0,0,312,0
1628237706172665,68.962,78.962,0,0,312,0
1628237706172846,68.063,78.063,0,0,312,0
1628237706173040,67.172,77.172,0,0,312,0
1628237706173240,66.261,76.261,0,0,312,0
1628237706173424,65.350,75.350,0,0,312,0
1628237706340249,114.525,124.525,0,0,312,0
1628237706340511,113.600,123.600,0,0,312,0
1628237706341750,112.676,122.676,0,0,312,0
1628237706342035,111.752,121.752,0,0,312,0
1628237706342291,110.828,120.828,0,0,312,0
1628237706342550,110.214,119.922,3509,1,312,3
1628237706342810,109.312,119.018,3494,1,312,3
1628237706343070,108.500,118.114,2658,1,312,1
1628237706343330,107.574,117.210,2821,1,312,0
1628237706343596,106.306,116.306,0,0,312,0
1628237706343946,105.402,115.402,0,0,312,0
1628237706344206,104.498,114.498,0,0,312,0
1628237706344518,103.594,113.594,0,0,312,0
1628237706344770,102.688,112.688,0,0,312,0
1628237706345020,101.783,111.783,0,0,312,0
1628237706345268,100.879,110.879,0,0,312,0
1628237706345533,99.975,109.975,0,0,312,0
1628237706345816,99.071,109.071,0,0,312,0
1628237706346154,98.167,108.167,0,0,312,0
1628237706346446,97.263,107.263,0,0,312,0
1628237706346698,96.359,106.359,0,0,312,0
1628237706346957,95.469,105.469,0,0,312,0
1628237706347246,94.551,104.551,0,0,312,0
1628237706347492,93.634,103.634,0,0,312,0
1628237706347762,93.486,100.882,394,1,312,41
1628237706348022,92.717,102.717,0,0,312,0
1628237706348281,92.562,99.964,395,1,312,42
1628237706348531,91.799,101.799,0,0,312,0
1628237706348854,91.644,99.047,395,1,312,44
1628237706349105,90.738,98.141,395,1,312,44
1628237706349365,89.830,97.239,396,1,312,43
1628237706349646,88.935,96.337,395,1,312,42
1628237706349884,88.033,95.435,395,1,312,43
1628237706350113,87.124,94.533,396,1,312,44
1628237706350352,86.229,93.632,395,1,312,42
1628237706350592,85.327,92.730,395,1,312,41
1628237706350835,84.426,91.828,395,1,312,41
1628237706351064,83.559,90.922,389,1,312,11
1628237706351312,80.018,90.018,0,0,312,0
1628237706351558,79.114,89.114,0,0,312,0
1628237706351852,78.210,88.210,0,0,312,0
1628237706352066,77.306,87.306,0,0,312,0
1628237706352281,76.402,86.402,0,0,312,0
1628237706352513,75.498,85.498,0,0,312,0
1628237706352726,74.594,84.594,0,0,312,0
1628237706352864,73.688,83.688,0,0,312,0
1628237706352951,72.786,82.786,0,0,312,0
1628237706353025,71.884,81.884,0,0,312,0
1628237706353095,70.982,80.982,0,0,312,0
1628237706353166,70.080,80.080,0,0,312,0
1628237706353237,69.179,79.179,0,0,312,0
1628237706353308,68.277,78.277,0,0,312,0
1628237706353388,67.375,77.375,0,0,312,0
1628237706353418,66.219,76.219,0,0,312,0
1628237706353447,65.321,75.321,0,0,312,0
1628237706540989,114.757,124.757,0,0,312,0
1628237706541382,113.848,123.848,0,0,312,0
1628237706542644,112.940,122.940,0,0,312,0
1628237706542930,112.031,122.031,0,0,312,0
1628237706543212,111.109,121.109,0,0,312,0
1628237706543466,110.493,120.201,3511,1,312,4
1628237706543789,109.585,119.292,3510,1,312,3
1628237706544114,108.769,118.384,2665,1,312,2
1628237706544494,107.843,117.475,2790,1,312,0
1628237706544766,106.567,116.567,0,0,312,0
1628237706545039,105.658,115.658,0,0,312,0
1628237706545309,104.750,114.750,0,0,312,0
1628237706545593,103.844,113.844,0,0,312,0
1628237706545965,102.935,112.935,0,0,312,0
1628237706546173,102.027,112.027,0,0,312,0
1628237706546418,101.118,111.118,0,0,312,0
1628237706546689,100.210,110.210,0,0,312,0
1628237706546949,99.301,109.301,0,0,312,0
1628237706547200,98.393,108.393,0,0,312,0
1628237706547456,97.484,107.484,0,0,312,0
1628237706547715,96.563,106.563,0,0,312,0
1628237706547973,95.632,105.632,0,0,312,0
1628237706548285,94.701,104.701,0,0,312,0
1628237706548551,93.770,103.770,0,0,312,0
1628237706548808,93.575,100.978,395,1,312,39
1628237706549066,92.839,102.839,0,0,312,0
1628237706549319,92.644,100.047,395,1,312,41
1628237706549589,91.908,101.908,0,0,312,0
1628237706549846,91.745,99.141,394,1,312,42
1628237706550098,90.834,98.237,395,1,312,44
1628237706550355,89.924,97.333,396,1,312,43
1628237706550619,89.020,96.429,396,1,312,44
1628237706550873,88.116,95.525,396,1,312,44
1628237706551131,87.212,94.621,396,1,312,42
1628237706551411,86.308,93.717,396,1,312,43
1628237706551666,85.410,92.813,395,1,312,41
1628237706551920,84.504,91.906,395,1,312,43
1628237706552137,83.624,91.000,391,1,312,27
1628237706552408,80.094,90.094,0,0,312,0
1628237706552673,79.188,89.188,0,0,312,0
1628237706552939,78.281,88.281,0,0,312,0
1628237706553188,77.375,87.375,0,0,312,0
1628237706553451,76.469,86.469,0,0,312,0
1628237706553706,75.563,85.563,0,0,312,0
1628237706553962,74.656,84.656,0,0,312,0
1628237706554206,73.752,83.752,0,0,312,0
1628237706559274,72.848,82.848,0,0,312,0
1628237706559496,71.944,81.944,0,0,312,0
1628237706559705,71.040,81.040,0,0,312,0
1628237706559941,70.136,80.136,0,0,312,0
1628237706560091,69.232,79.232,0,0,312,0
1628237706560242,68.328,78.328,0,0,312,0
1628237706560428,67.422,77.422,0,0,312,0
1628237706560580,66.500,76.500,0,0,312,0
1628237706560759,65.578,75.578,0,0,312,0
1628237706725715,114.096,124.096,0,0,312,0
1628237706726021,113.172,123.172,0,0,312,0
1628237706727173,112.266,122.266,0,0,312,0
1628237706727363,111.362,121.362,0,0,312,0
1628237706727685,110.748,120.458,3537,1,312,0
1628237706727880,109.846,119.554,3508,1,312,3
1628237706728103,108.944,118.650,3482,1,312,2
1628237706728351,107.746,117.746,0,0,312,0
1628237706728549,107.196,116.842,2897,1,312,0
1628237706728712,106.237,115.938,3423,1,312,2
1628237706728874,105.047,115.047,0,0,312,0
1628237706729038,104.143,114.143,0,0,312,0
1628237706729198,103.239,113.239,0,0,312,0
1628237706729368,102.335,112.335,0,0,312,0
1628237706729534,101.431,111.431,0,0,312,0
1628237706729829,100.527,110.527,0,0,312,0
1628237706730074,99.623,109.623,0,0,312,0
1628237706730333,98.719,108.719,0,0,312,0
1628237706730573,97.813,107.813,0,0,312,0
1628237706730833,96.911,106.911,0,0,312,0
1628237706731023,96.009,106.009,0,0,312,0
1628237706731287,95.107,105.107,0,0,312,0
1628237706731507,94.205,104.205,0,0,312,0
1628237706731737,93.304,103.304,0,0,312,0
1628237706732007,93.198,100.594,394,1,312,42
1628237706732254,92.402,102.402,0,0,312,0
1628237706732495,92.285,99.688,395,1,312,43
1628237706732746,91.500,101.500,0,0,312,0
1628237706732985,91.379,98.781,395,1,312,42
1628237706733271,90.466,97.875,396,1,312,44
1628237706733524,89.566,96.969,395,1,312,45
1628237706733852,88.654,96.063,396,1,312,41
1628237706734098,87.747,95.156,396,1,312,44
1628237706734359,86.841,94.250,396,1,312,43
1628237706734595,85.935,93.344,396,1,312,44
1628237706734838,85.035,92.438,395,1,312,42
1628237706735077,84.129,91.531,395,1,312,43
1628237706735218,80.625,90.625,0,0,312,0
1628237706735316,79.719,89.719,0,0,312,0
1628237706735484,78.813,88.813,0,0,312,0
1628237706735541,77.906,87.906,0,0,312,0
1628237706735588,77.000,87.000,0,0,312,0
1628237706735700,76.094,86.094,0,0,312,0
1628237706735849,75.190,85.190,0,0,312,0
1628237706736003,74.286,84.286,0,0,312,0
1628237706736218,73.382,83.382,0,0,312,0
1628237706736443,72.478,82.478,0,0,312,0
1628237706736725,71.574,81.574,0,0,312,0
1628237706736949,70.670,80.670,0,0,312,0
1628237706737172,69.766,79.766,0,0,312,0
1628237706737311,68.859,78.859,0,0,312,0
1628237706737446,67.931,77.931,0,0,312,0
1628237706737582,67.002,77.002,0,0,312,0
1628237706737723,66.074,76.074,0,0,312,0
1628237706737886,65.145,75.145,0,0,312,0
1628237706926778,114.266,124.266,0,0,313,0
1628237706927174,113.359,123.359,0,0,313,0
1628237706928448,112.453,122.453,0,0,313,0
1628237706928708,111.551,121.551,0,0,313,0
1628237706928984,110.650,120.650,0,0,313,0
1628237706929246,110.041,119.748,3496,1,313,2
1628237706929499,109.140,118.846,3490,1,313,3
1628237706929788,107.944,117.944,0,0,313,0
1628237706930043,107.401,117.042,2863,1,313,0
1628237706930303,106.440,116.141,3429,1,313,0
1628237706930579,105.234,115.234,0,0,313,0
1628237706930839,104.333,114.333,0,0,313,0
1628237706931102,103.431,113.431,0,0,313,0
1628237706931554,102.529,112.529,0,0,313,0
1628237706931893,101.627,111.627,0,0,313,0
1628237706932155,100.725,110.725,0,0,313,0
1628237706932426,99.824,109.824,0,0,313,0
1628237706932677,98.922,108.922,0,0,313,0
1628237706932931,98.031,108.031,0,0,313,0
1628237706933189,97.127,107.127,0,0,313,0
1628237706933455,96.223,106.223,0,0,313,0
1628237706933705,95.319,105.319,0,0,313,0
1628237706933967,94.415,104.415,0,0,313,0
1628237706934223,93.511,103.511,0,0,313,0
1628237706934473,93.417,100.813,394,1,313,41
1628237706934736,92.607,102.607,0,0,313,0
1628237706934987,92.497,99.893,394,1,313,43
1628237706935248,91.703,101.703,0,0,313,0
1628237706935522,91.571,98.973,395,1,313,44
1628237706935747,90.645,98.054,396,1,313,44
1628237706936008,89.725,97.134,396,1,313,44
1628237706936291,88.812,96.214,395,1,313,43
1628237706936539,87.886,95.295,396,1,313,44
1628237706936784,86.966,94.375,396,1,313,44
1628237706937037,86.066,93.469,395,1,313,43
1628237706937269,85.167,92.569,395,1,313,41
1628237706937506,84.267,91.670,395,1,313,41
1628237706937756,80.770,90.770,0,0,313,0
1628237706937986,79.871,89.871,0,0,313,0
1628237706938213,78.971,88.971,0,0,313,0
1628237706938460,78.071,88.071,0,0,313,0
1628237706938696,77.172,87.172,0,0,313,0
1628237706938946,76.281,86.281,0,0,313,0
1628237706939185,75.382,85.382,0,0,313,0
1628237706939415,74.482,84.482,0,0,313,0
1628237706939698,73.583,83.583,0,0,313,0
1628237706939954,72.683,82.683,0,0,313,0
1628237706940184,71.783,81.783,0,0,313,0
1628237706940401,70.884,80.884,0,0,313,0
1628237706940623,69.984,79.984,0,0,313,0
1628237706940959,69.078,79.078,0,0,313,0
1628237706946386,68.163,78.163,0,0,313,0
1628237706946569,67.248,77.248,0,0,313,0
1628237706946771,66.333,76.333,0,0,313,0
1628237706946923,65.417,75.417,0,0,313,0
